raw_data,is_credit,date,amount,comments,bank,source
01/04/2023 to 31/03/2024,0,01/04/2023,,           to           ,ICICI,D:\work\code_and_stuff\git_repos\bank_statement_parser\Bank-Statement-Reader-Dashboard\1_data\icici_statements
"08-apr-23 74766513098313466237998 amazon http://www.am in 0.00 2,721.72",0,08-apr-23,2721.72,   apr                            amazon http   www am in              ,ICICI,D:\work\code_and_stuff\git_repos\bank_statement_parser\Bank-Statement-Reader-Dashboard\1_data\icici_statements
11-apr-23 igst-ci@18% 0.00 35.82,0,11-apr-23,35.82,   apr    igst ci               ,ICICI,D:\work\code_and_stuff\git_repos\bank_statement_parser\Bank-Statement-Reader-Dashboard\1_data\icici_statements
"11-apr-23 amazon http://www.am in 0.00 -2,721.72",0,11-apr-23,-2721.72,   apr    amazon http   www am in               ,ICICI,D:\work\code_and_stuff\git_repos\bank_statement_parser\Bank-Statement-Reader-Dashboard\1_data\icici_statements
11-apr-23 instant emi offus conversion 0.00 0.00,0,11-apr-23,0.0,   apr    instant emi offus conversion          ,ICICI,D:\work\code_and_stuff\git_repos\bank_statement_parser\Bank-Statement-Reader-Dashboard\1_data\icici_statements
11-apr-23 processing fee 199 : 0% 0.00 199.00,0,11-apr-23,199.0,   apr    processing fee                     ,ICICI,D:\work\code_and_stuff\git_repos\bank_statement_parser\Bank-Statement-Reader-Dashboard\1_data\icici_statements
11-apr-23 interest amount amortization - <1/3> 0.00 34.00,0,11-apr-23,34.0,   apr    interest amount amortization                   ,ICICI,D:\work\code_and_stuff\git_repos\bank_statement_parser\Bank-Statement-Reader-Dashboard\1_data\icici_statements
11-apr-23 igst-ci@18% 0.00 6.12,0,11-apr-23,6.12,   apr    igst ci              ,ICICI,D:\work\code_and_stuff\git_repos\bank_statement_parser\Bank-Statement-Reader-Dashboard\1_data\icici_statements
11-apr-23 principal amount amortization - <1/3> 0.00 896.00,0,11-apr-23,896.0,   apr    principal amount amortization                    ,ICICI,D:\work\code_and_stuff\git_repos\bank_statement_parser\Bank-Statement-Reader-Dashboard\1_data\icici_statements
"16-apr-23 74766513106315976500856 amazon http://www.am in 0.00 2,510.00",0,16-apr-23,2510.0,   apr                            amazon http   www am in              ,ICICI,D:\work\code_and_stuff\git_repos\bank_statement_parser\Bank-Statement-Reader-Dashboard\1_data\icici_statements
17-apr-23 74766513107315022478395 amazon http://www.am in 0.00 694.00,0,17-apr-23,694.0,   apr                            amazon http   www am in            ,ICICI,D:\work\code_and_stuff\git_repos\bank_statement_parser\Bank-Statement-Reader-Dashboard\1_data\icici_statements
17-apr-23 74766513107315009301792 amazon http://www.am in 0.00 799.00,0,17-apr-23,799.0,   apr                            amazon http   www am in            ,ICICI,D:\work\code_and_stuff\git_repos\bank_statement_parser\Bank-Statement-Reader-Dashboard\1_data\icici_statements
17-apr-23 74766513107315009316592 amazon http://www.am in 0.00 575.65,0,17-apr-23,575.65,   apr                            amazon http   www am in            ,ICICI,D:\work\code_and_stuff\git_repos\bank_statement_parser\Bank-Statement-Reader-Dashboard\1_data\icici_statements
20-apr-23 74766513110315174934240 amazon http://www.am in 0.00 369.55,0,20-apr-23,369.55,   apr                            amazon http   www am in            ,ICICI,D:\work\code_and_stuff\git_repos\bank_statement_parser\Bank-Statement-Reader-Dashboard\1_data\icici_statements
"23-apr-23 74766513113316362782935 amazon http://www.am in 0.00 1,599.00",0,23-apr-23,1599.0,   apr                            amazon http   www am in              ,ICICI,D:\work\code_and_stuff\git_repos\bank_statement_parser\Bank-Statement-Reader-Dashboard\1_data\icici_statements
"23-apr-23 74766513113316379562650 amazon http://www.am in 0.00 1,299.00",0,23-apr-23,1299.0,   apr                            amazon http   www am in              ,ICICI,D:\work\code_and_stuff\git_repos\bank_statement_parser\Bank-Statement-Reader-Dashboard\1_data\icici_statements
24-apr-23 74766513114316436983856 amazon http://www.am in 0.00 699.00,0,24-apr-23,699.0,   apr                            amazon http   www am in            ,ICICI,D:\work\code_and_stuff\git_repos\bank_statement_parser\Bank-Statement-Reader-Dashboard\1_data\icici_statements
"26-apr-23 74922123026000092557024 euronet chennai in 0.00 -1,170.94",0,26-apr-23,-1170.94,   apr                            euronet chennai in               ,ICICI,D:\work\code_and_stuff\git_repos\bank_statement_parser\Bank-Statement-Reader-Dashboard\1_data\icici_statements
"28-apr-23 74766513118316662512755 amazon http://www.am in 0.00 -1,299.00",0,28-apr-23,-1299.0,   apr                            amazon http   www am in               ,ICICI,D:\work\code_and_stuff\git_repos\bank_statement_parser\Bank-Statement-Reader-Dashboard\1_data\icici_statements
29-apr-23 74332743120311966715554 swiggy bangalore in 0.00 409.00,0,29-apr-23,409.0,   apr                            swiggy bangalore in            ,ICICI,D:\work\code_and_stuff\git_repos\bank_statement_parser\Bank-Statement-Reader-Dashboard\1_data\icici_statements
29-apr-23 74766513119316728661926 amazon http://www.am in 0.00 -799.00,0,29-apr-23,-799.0,   apr                            amazon http   www am in             ,ICICI,D:\work\code_and_stuff\git_repos\bank_statement_parser\Bank-Statement-Reader-Dashboard\1_data\icici_statements
29-apr-23 74766513119316720254589 amazon http://www.am in 0.00 -694.00,0,29-apr-23,-694.0,   apr                            amazon http   www am in             ,ICICI,D:\work\code_and_stuff\git_repos\bank_statement_parser\Bank-Statement-Reader-Dashboard\1_data\icici_statements
29-apr-23 74056633120311949501615 paytm_innovativeretail bangalore in 0.00 239.26,0,29-apr-23,239.26,   apr                            paytm innovativeretail bangalore in            ,ICICI,D:\work\code_and_stuff\git_repos\bank_statement_parser\Bank-Statement-Reader-Dashboard\1_data\icici_statements
29-apr-23 74332743120311948750760 bisleri international mumbai in 0.00 180.00,0,29-apr-23,180.0,   apr                            bisleri international mumbai in            ,ICICI,D:\work\code_and_stuff\git_repos\bank_statement_parser\Bank-Statement-Reader-Dashboard\1_data\icici_statements
"02-may-23 74766513122317931865689 amazon http://www.am in 0.00 1,159.00",0,02-may-23,1159.0,   may                            amazon http   www am in              ,ICICI,D:\work\code_and_stuff\git_repos\bank_statement_parser\Bank-Statement-Reader-Dashboard\1_data\icici_statements
05-may-23 74332743126312532388367 bigbasket bangalore in 0.00 453.26,0,05-may-23,453.26,   may                            bigbasket bangalore in            ,ICICI,D:\work\code_and_stuff\git_repos\bank_statement_parser\Bank-Statement-Reader-Dashboard\1_data\icici_statements
06-may-23 74056633127312620206246 paytm_innovativeretail bangalore in 0.00 166.57,0,06-may-23,166.57,   may                            paytm innovativeretail bangalore in            ,ICICI,D:\work\code_and_stuff\git_repos\bank_statement_parser\Bank-Statement-Reader-Dashboard\1_data\icici_statements
07-may-23 74766513127318230084670 amazon http://www.am in 0.00 998.00,0,07-may-23,998.0,   may                            amazon http   www am in            ,ICICI,D:\work\code_and_stuff\git_repos\bank_statement_parser\Bank-Statement-Reader-Dashboard\1_data\icici_statements
07-may-23 74766513127318223613741 amazon http://www.am in 0.00 499.00,0,07-may-23,499.0,   may                            amazon http   www am in            ,ICICI,D:\work\code_and_stuff\git_repos\bank_statement_parser\Bank-Statement-Reader-Dashboard\1_data\icici_statements
07-may-23 74332743128312749242637 swiggy bengaluru in 0.00 266.00,0,07-may-23,266.0,   may                            swiggy bengaluru in            ,ICICI,D:\work\code_and_stuff\git_repos\bank_statement_parser\Bank-Statement-Reader-Dashboard\1_data\icici_statements
08-may-23 74332743129312888931254 swiggy bengaluru in 0.00 188.00,0,08-may-23,188.0,   may                            swiggy bengaluru in            ,ICICI,D:\work\code_and_stuff\git_repos\bank_statement_parser\Bank-Statement-Reader-Dashboard\1_data\icici_statements
"09-may-23 74766513129318350134592 amazon http://www.am in 0.00 1,849.00",0,09-may-23,1849.0,   may                            amazon http   www am in              ,ICICI,D:\work\code_and_stuff\git_repos\bank_statement_parser\Bank-Statement-Reader-Dashboard\1_data\icici_statements
09-may-23 74332743130312945793850 swiggy bengaluru in 0.00 188.00,0,09-may-23,188.0,   may                            swiggy bengaluru in            ,ICICI,D:\work\code_and_stuff\git_repos\bank_statement_parser\Bank-Statement-Reader-Dashboard\1_data\icici_statements
09-may-23 74332743130312964761432 swiggy bengaluru in 0.00 30.00,0,09-may-23,30.0,   may                            swiggy bengaluru in           ,ICICI,D:\work\code_and_stuff\git_repos\bank_statement_parser\Bank-Statement-Reader-Dashboard\1_data\icici_statements
09-may-23 74056633130312953693965 paytm_innovativeretail bangalore in 0.00 323.43,0,09-may-23,323.43,   may                            paytm innovativeretail bangalore in            ,ICICI,D:\work\code_and_stuff\git_repos\bank_statement_parser\Bank-Statement-Reader-Dashboard\1_data\icici_statements
10-may-23 74332743131313093495974 swiggy bengaluru in 0.00 188.00,0,10-may-23,188.0,   may                            swiggy bengaluru in            ,ICICI,D:\work\code_and_stuff\git_repos\bank_statement_parser\Bank-Statement-Reader-Dashboard\1_data\icici_statements
"11-may-23 74766513131318452271264 amazon http://www.am in 0.00 2,599.00",0,11-may-23,2599.0,   may                            amazon http   www am in              ,ICICI,D:\work\code_and_stuff\git_repos\bank_statement_parser\Bank-Statement-Reader-Dashboard\1_data\icici_statements
11-may-23 principal amount amortization - <2/3> 0.00 907.19,0,11-may-23,907.19,   may    principal amount amortization                    ,ICICI,D:\work\code_and_stuff\git_repos\bank_statement_parser\Bank-Statement-Reader-Dashboard\1_data\icici_statements
11-may-23 igst-ci@18% 0.00 4.11,0,11-may-23,4.11,   may    igst ci              ,ICICI,D:\work\code_and_stuff\git_repos\bank_statement_parser\Bank-Statement-Reader-Dashboard\1_data\icici_statements
11-may-23 interest amount amortization - <2/3> 0.00 22.81,0,11-may-23,22.81,   may    interest amount amortization                   ,ICICI,D:\work\code_and_stuff\git_repos\bank_statement_parser\Bank-Statement-Reader-Dashboard\1_data\icici_statements
11-may-23 74332743132313140941599 swiggy bengaluru in 0.00 188.00,0,11-may-23,188.0,   may                            swiggy bengaluru in            ,ICICI,D:\work\code_and_stuff\git_repos\bank_statement_parser\Bank-Statement-Reader-Dashboard\1_data\icici_statements
14-may-23 74766513134319638056410 amazon http://www.am in 0.00 899.00,0,14-may-23,899.0,   may                            amazon http   www am in            ,ICICI,D:\work\code_and_stuff\git_repos\bank_statement_parser\Bank-Statement-Reader-Dashboard\1_data\icici_statements
14-may-23 74766513134319669309944 amazon.in - grocery http://www.am 0.00 290.00,0,14-may-23,290.0,   may                            amazon in   grocery http   www am            ,ICICI,D:\work\code_and_stuff\git_repos\bank_statement_parser\Bank-Statement-Reader-Dashboard\1_data\icici_statements
"14-may-23 74766513134319669194445 amazon http://www.am in 0.00 1,689.00",0,14-may-23,1689.0,   may                            amazon http   www am in              ,ICICI,D:\work\code_and_stuff\git_repos\bank_statement_parser\Bank-Statement-Reader-Dashboard\1_data\icici_statements
"20-may-23 74766513140319008541910 amazon http://www.am in 0.00 1,099.00",0,20-may-23,1099.0,   may                            amazon http   www am in              ,ICICI,D:\work\code_and_stuff\git_repos\bank_statement_parser\Bank-Statement-Reader-Dashboard\1_data\icici_statements
20-may-23 74332743141314090206164 swiggy bengaluru in 0.00 343.00,0,20-may-23,343.0,   may                            swiggy bengaluru in            ,ICICI,D:\work\code_and_stuff\git_repos\bank_statement_parser\Bank-Statement-Reader-Dashboard\1_data\icici_statements
"20-may-23 314024672776 upi payment received 0.00 -25,100.00",0,20-may-23,-25100.0,   may                 upi payment received                ,ICICI,D:\work\code_and_stuff\git_repos\bank_statement_parser\Bank-Statement-Reader-Dashboard\1_data\icici_statements
22-may-23 74766513142320120051976 amazon http://www.am in 0.00 899.00,0,22-may-23,899.0,   may                            amazon http   www am in            ,ICICI,D:\work\code_and_stuff\git_repos\bank_statement_parser\Bank-Statement-Reader-Dashboard\1_data\icici_statements
"22-may-23 74766513142320119760173 amazon http://www.am in 0.00 -1,099.00",0,22-may-23,-1099.0,   may                            amazon http   www am in               ,ICICI,D:\work\code_and_stuff\git_repos\bank_statement_parser\Bank-Statement-Reader-Dashboard\1_data\icici_statements
23-may-23 74766513143320191126490 amazon.in - grocery http://www.am 0.00 824.00,0,23-may-23,824.0,   may                            amazon in   grocery http   www am            ,ICICI,D:\work\code_and_stuff\git_repos\bank_statement_parser\Bank-Statement-Reader-Dashboard\1_data\icici_statements
"24-may-23 74766513144320230230070 amazon http://www.am in 0.00 1,650.00",0,24-may-23,1650.0,   may                            amazon http   www am in              ,ICICI,D:\work\code_and_stuff\git_repos\bank_statement_parser\Bank-Statement-Reader-Dashboard\1_data\icici_statements
"24-may-23 74766513144320232663617 amazon http://www.am in 0.00 1,699.00",0,24-may-23,1699.0,   may                            amazon http   www am in              ,ICICI,D:\work\code_and_stuff\git_repos\bank_statement_parser\Bank-Statement-Reader-Dashboard\1_data\icici_statements
24-may-23 74056633145314498786786 innovative retail concept bangalore in 0.00 468.00,0,24-may-23,468.0,   may                            innovative retail concept bangalore in            ,ICICI,D:\work\code_and_stuff\git_repos\bank_statement_parser\Bank-Statement-Reader-Dashboard\1_data\icici_statements
24-may-23 600324052023s81914631 neft payment received 0.00 -1.00,0,24-may-23,-1.0,   may                s         neft payment received           ,ICICI,D:\work\code_and_stuff\git_repos\bank_statement_parser\Bank-Statement-Reader-Dashboard\1_data\icici_statements
27-may-23 74766513147320413409589 amazon.in - grocery http://www.am 0.00 599.00,0,27-may-23,599.0,   may                            amazon in   grocery http   www am            ,ICICI,D:\work\code_and_stuff\git_repos\bank_statement_parser\Bank-Statement-Reader-Dashboard\1_data\icici_statements
29-may-23 74766513149321542317568 amazon.in - grocery http://www.am 0.00 189.05,0,29-may-23,189.05,   may                            amazon in   grocery http   www am            ,ICICI,D:\work\code_and_stuff\git_repos\bank_statement_parser\Bank-Statement-Reader-Dashboard\1_data\icici_statements
31-may-23 74766513151321640252209 amazon http://www.am in 0.00 99.00,0,31-may-23,99.0,   may                            amazon http   www am in           ,ICICI,D:\work\code_and_stuff\git_repos\bank_statement_parser\Bank-Statement-Reader-Dashboard\1_data\icici_statements
03-jun-23 74332743155315412704268 amazon mumbai in 0.00 275.50,0,03-jun-23,275.5,   jun                            amazon mumbai in            ,ICICI,D:\work\code_and_stuff\git_repos\bank_statement_parser\Bank-Statement-Reader-Dashboard\1_data\icici_statements
"04-jun-23 74766513155322906994530 amazon http://www.am in 0.00 2,200.00",0,04-jun-23,2200.0,   jun                            amazon http   www am in              ,ICICI,D:\work\code_and_stuff\git_repos\bank_statement_parser\Bank-Statement-Reader-Dashboard\1_data\icici_statements
"08-jun-23 74766513159322134422359 amazon http://www.am in 0.00 -2,200.00",0,08-jun-23,-2200.0,   jun                            amazon http   www am in               ,ICICI,D:\work\code_and_stuff\git_repos\bank_statement_parser\Bank-Statement-Reader-Dashboard\1_data\icici_statements
"10-jun-23 74766513161322245952209 amazon http://www.am in 0.00 -1,650.00",0,10-jun-23,-1650.0,   jun                            amazon http   www am in               ,ICICI,D:\work\code_and_stuff\git_repos\bank_statement_parser\Bank-Statement-Reader-Dashboard\1_data\icici_statements
11-jun-23 74766513162323309329291 amazon http://www.am in 0.00 799.00,0,11-jun-23,799.0,   jun                            amazon http   www am in            ,ICICI,D:\work\code_and_stuff\git_repos\bank_statement_parser\Bank-Statement-Reader-Dashboard\1_data\icici_statements
"11-jun-23 74766513162323309333293 amazon http://www.am in 0.00 1,037.00",0,11-jun-23,1037.0,   jun                            amazon http   www am in              ,ICICI,D:\work\code_and_stuff\git_repos\bank_statement_parser\Bank-Statement-Reader-Dashboard\1_data\icici_statements
11-jun-23 principal amount amortization - <3/3> 0.00 918.53,0,11-jun-23,918.53,   jun    principal amount amortization                    ,ICICI,D:\work\code_and_stuff\git_repos\bank_statement_parser\Bank-Statement-Reader-Dashboard\1_data\icici_statements
11-jun-23 igst-ci@18% 0.00 2.07,0,11-jun-23,2.07,   jun    igst ci              ,ICICI,D:\work\code_and_stuff\git_repos\bank_statement_parser\Bank-Statement-Reader-Dashboard\1_data\icici_statements
11-jun-23 interest amount amortization - <3/3> 0.00 11.47,0,11-jun-23,11.47,   jun    interest amount amortization                   ,ICICI,D:\work\code_and_stuff\git_repos\bank_statement_parser\Bank-Statement-Reader-Dashboard\1_data\icici_statements
"20-jun-23 74766513171324823245152 amazon http://www.am in 0.00 1,236.00",0,20-jun-23,1236.0,   jun                            amazon http   www am in              ,ICICI,D:\work\code_and_stuff\git_repos\bank_statement_parser\Bank-Statement-Reader-Dashboard\1_data\icici_statements
"21-jun-23 74766513172324881612029 amazon http://www.am in 0.00 1,199.00",0,21-jun-23,1199.0,   jun                            amazon http   www am in              ,ICICI,D:\work\code_and_stuff\git_repos\bank_statement_parser\Bank-Statement-Reader-Dashboard\1_data\icici_statements
25-jun-23 74766513176325119809952 amazon http://www.am in 0.00 899.00,0,25-jun-23,899.0,   jun                            amazon http   www am in            ,ICICI,D:\work\code_and_stuff\git_repos\bank_statement_parser\Bank-Statement-Reader-Dashboard\1_data\icici_statements
"27-jun-23 74766513178325224841625 amazon http://www.am in 0.00 2,360.55",0,27-jun-23,2360.55,   jun                            amazon http   www am in              ,ICICI,D:\work\code_and_stuff\git_repos\bank_statement_parser\Bank-Statement-Reader-Dashboard\1_data\icici_statements
28-jun-23 74766513179325300247589 amazon.in - grocery http://www.am 0.00 100.00,0,28-jun-23,100.0,   jun                            amazon in   grocery http   www am            ,ICICI,D:\work\code_and_stuff\git_repos\bank_statement_parser\Bank-Statement-Reader-Dashboard\1_data\icici_statements
30-jun-23 74766513181325421928196 amazon http://www.am in 0.00 299.00,0,30-jun-23,299.0,   jun                            amazon http   www am in            ,ICICI,D:\work\code_and_stuff\git_repos\bank_statement_parser\Bank-Statement-Reader-Dashboard\1_data\icici_statements
"30-jun-23 318117181149 upi payment received 0.00 -2,551.45",0,30-jun-23,-2551.45,   jun                 upi payment received               ,ICICI,D:\work\code_and_stuff\git_repos\bank_statement_parser\Bank-Statement-Reader-Dashboard\1_data\icici_statements
"01-jul-23 74766513182325456158767 amazon http://www.am in 0.00 -1,199.00",0,01-jul-23,-1199.0,   jul                            amazon http   www am in               ,ICICI,D:\work\code_and_stuff\git_repos\bank_statement_parser\Bank-Statement-Reader-Dashboard\1_data\icici_statements
"02-jul-23 74766513183326517883517 amazon http://www.am in 0.00 1,689.00",0,02-jul-23,1689.0,   jul                            amazon http   www am in              ,ICICI,D:\work\code_and_stuff\git_repos\bank_statement_parser\Bank-Statement-Reader-Dashboard\1_data\icici_statements
"04-jul-23 74766513185326631503502 amazon http://www.am in 0.00 1,618.00",0,04-jul-23,1618.0,   jul                            amazon http   www am in              ,ICICI,D:\work\code_and_stuff\git_repos\bank_statement_parser\Bank-Statement-Reader-Dashboard\1_data\icici_statements
07-jul-23 74766513188326806053587 amazon.in - grocery http://www.am 0.00 -100.00,0,07-jul-23,-100.0,   jul                            amazon in   grocery http   www am             ,ICICI,D:\work\code_and_stuff\git_repos\bank_statement_parser\Bank-Statement-Reader-Dashboard\1_data\icici_statements
"10-jul-23 74766513191327986986922 amazon http://www.am in 0.00 3,333.00",0,10-jul-23,3333.0,   jul                            amazon http   www am in              ,ICICI,D:\work\code_and_stuff\git_repos\bank_statement_parser\Bank-Statement-Reader-Dashboard\1_data\icici_statements
"10-jul-23 74766513191327986989389 amazon http://www.am in 0.00 1,207.84",0,10-jul-23,1207.84,   jul                            amazon http   www am in              ,ICICI,D:\work\code_and_stuff\git_repos\bank_statement_parser\Bank-Statement-Reader-Dashboard\1_data\icici_statements
10-jul-23 74766513191327987008197 amazon http://www.am in 0.00 -999.00,0,10-jul-23,-999.0,   jul                            amazon http   www am in             ,ICICI,D:\work\code_and_stuff\git_repos\bank_statement_parser\Bank-Statement-Reader-Dashboard\1_data\icici_statements
10-jul-23 74766513191327991281822 amazon http://www.am in 0.00 -299.00,0,10-jul-23,-299.0,   jul                            amazon http   www am in             ,ICICI,D:\work\code_and_stuff\git_repos\bank_statement_parser\Bank-Statement-Reader-Dashboard\1_data\icici_statements
"15-jul-23 74766513196327276954163 amazon http://www.am in 0.00 35,649.74",0,15-jul-23,35649.74,   jul                            amazon http   www am in               ,ICICI,D:\work\code_and_stuff\git_repos\bank_statement_parser\Bank-Statement-Reader-Dashboard\1_data\icici_statements
19-jul-23 processing fee 199 : 0% 0.00 199.00,0,19-jul-23,199.0,   jul    processing fee                     ,ICICI,D:\work\code_and_stuff\git_repos\bank_statement_parser\Bank-Statement-Reader-Dashboard\1_data\icici_statements
"19-jul-23 principal amount amortization - <1/3> 0.00 11,726.30",0,19-jul-23,11726.3,   jul    principal amount amortization                       ,ICICI,D:\work\code_and_stuff\git_repos\bank_statement_parser\Bank-Statement-Reader-Dashboard\1_data\icici_statements
"19-jul-23 amazon http://www.am in 0.00 -35,649.74",0,19-jul-23,-35649.74,   jul    amazon http   www am in                ,ICICI,D:\work\code_and_stuff\git_repos\bank_statement_parser\Bank-Statement-Reader-Dashboard\1_data\icici_statements
19-jul-23 instant emi offus conversion 0.00 0.00,0,19-jul-23,0.0,   jul    instant emi offus conversion          ,ICICI,D:\work\code_and_stuff\git_repos\bank_statement_parser\Bank-Statement-Reader-Dashboard\1_data\icici_statements
19-jul-23 igst-ci@18% 0.00 35.82,0,19-jul-23,35.82,   jul    igst ci               ,ICICI,D:\work\code_and_stuff\git_repos\bank_statement_parser\Bank-Statement-Reader-Dashboard\1_data\icici_statements
19-jul-23 interest amount amortization - <1/3> 0.00 475.03,0,19-jul-23,475.03,   jul    interest amount amortization                    ,ICICI,D:\work\code_and_stuff\git_repos\bank_statement_parser\Bank-Statement-Reader-Dashboard\1_data\icici_statements
19-jul-23 igst-ci@18% 0.00 85.51,0,19-jul-23,85.51,   jul    igst ci               ,ICICI,D:\work\code_and_stuff\git_repos\bank_statement_parser\Bank-Statement-Reader-Dashboard\1_data\icici_statements
"30-jul-23 321101178790 upi payment received 0.00 -23,000.00",0,30-jul-23,-23000.0,   jul                 upi payment received                ,ICICI,D:\work\code_and_stuff\git_repos\bank_statement_parser\Bank-Statement-Reader-Dashboard\1_data\icici_statements
31-jul-23 74987503212282909736558 playstationnetwork london gb 0.00 499.00,0,31-jul-23,499.0,   jul                            playstationnetwork london gb            ,ICICI,D:\work\code_and_stuff\git_repos\bank_statement_parser\Bank-Statement-Reader-Dashboard\1_data\icici_statements
"02-aug-23 74987503214000080774646 playstationnetwork london gb 0.00 1,399.00",0,02-aug-23,1399.0,   aug                            playstationnetwork london gb              ,ICICI,D:\work\code_and_stuff\git_repos\bank_statement_parser\Bank-Statement-Reader-Dashboard\1_data\icici_statements
"04-aug-23 74119663216216169437142 raz*easy trip planners delhi in 0.00 12,224.00",0,04-aug-23,12224.0,   aug                            raz easy trip planners delhi in               ,ICICI,D:\work\code_and_stuff\git_repos\bank_statement_parser\Bank-Statement-Reader-Dashboard\1_data\icici_statements
09-aug-23 74332743222322116364257 indigo gurgaon in 0.00 250.00,0,09-aug-23,250.0,   aug                            indigo gurgaon in            ,ICICI,D:\work\code_and_stuff\git_repos\bank_statement_parser\Bank-Statement-Reader-Dashboard\1_data\icici_statements
"19-aug-23 74766513231332356801927 amazon.in - grocery http://www.am 0.00 1,139.05",0,19-aug-23,1139.05,   aug                            amazon in   grocery http   www am              ,ICICI,D:\work\code_and_stuff\git_repos\bank_statement_parser\Bank-Statement-Reader-Dashboard\1_data\icici_statements
19-aug-23 interest amount amortization - <2/3> 0.00 318.78,0,19-aug-23,318.78,   aug    interest amount amortization                    ,ICICI,D:\work\code_and_stuff\git_repos\bank_statement_parser\Bank-Statement-Reader-Dashboard\1_data\icici_statements
"19-aug-23 principal amount amortization - <2/3> 0.00 11,882.55",0,19-aug-23,11882.55,   aug    principal amount amortization                       ,ICICI,D:\work\code_and_stuff\git_repos\bank_statement_parser\Bank-Statement-Reader-Dashboard\1_data\icici_statements
20-aug-23 74766513232333405133022 amazon.in-bill payment 0.00 288.00,0,20-aug-23,288.0,   aug                            amazon in bill payment            ,ICICI,D:\work\code_and_stuff\git_repos\bank_statement_parser\Bank-Statement-Reader-Dashboard\1_data\icici_statements
20-aug-23 igst-ci@18% 0.00 57.38,0,20-aug-23,57.38,   aug    igst ci               ,ICICI,D:\work\code_and_stuff\git_repos\bank_statement_parser\Bank-Statement-Reader-Dashboard\1_data\icici_statements
"20-aug-23 323262699232 upi payment received 0.00 -15,238.05",0,20-aug-23,-15238.05,   aug                 upi payment received                ,ICICI,D:\work\code_and_stuff\git_repos\bank_statement_parser\Bank-Statement-Reader-Dashboard\1_data\icici_statements
26-aug-23 74766513238333752699611 amazon http://www.am in 0.00 575.00,0,26-aug-23,575.0,   aug                            amazon http   www am in            ,ICICI,D:\work\code_and_stuff\git_repos\bank_statement_parser\Bank-Statement-Reader-Dashboard\1_data\icici_statements
27-aug-23 74766513239334821596381 amazon http://www.am in 0.00 408.00,0,27-aug-23,408.0,   aug                            amazon http   www am in            ,ICICI,D:\work\code_and_stuff\git_repos\bank_statement_parser\Bank-Statement-Reader-Dashboard\1_data\icici_statements
"27-aug-23 74766513239334818314301 amazon http://www.am in 0.00 3,595.00",0,27-aug-23,3595.0,   aug                            amazon http   www am in              ,ICICI,D:\work\code_and_stuff\git_repos\bank_statement_parser\Bank-Statement-Reader-Dashboard\1_data\icici_statements
29-aug-23 74766513241334938932939 amazon http://www.am in 0.00 704.00,0,29-aug-23,704.0,   aug                            amazon http   www am in            ,ICICI,D:\work\code_and_stuff\git_repos\bank_statement_parser\Bank-Statement-Reader-Dashboard\1_data\icici_statements
"31-aug-23 74987503243000621743725 playstationnetwork london gb 0.00 4,999.00",0,31-aug-23,4999.0,   aug                            playstationnetwork london gb              ,ICICI,D:\work\code_and_stuff\git_repos\bank_statement_parser\Bank-Statement-Reader-Dashboard\1_data\icici_statements
"07-sep-23 74332743251325082644887 swiggy bangalore in 0.00 2,539.00",0,07-sep-23,2539.0,   sep                            swiggy bangalore in              ,ICICI,D:\work\code_and_stuff\git_repos\bank_statement_parser\Bank-Statement-Reader-Dashboard\1_data\icici_statements
10-sep-23 74766513253336656500223 amazon http://www.am in 0.00 -408.00,0,10-sep-23,-408.0,   sep                            amazon http   www am in             ,ICICI,D:\work\code_and_stuff\git_repos\bank_statement_parser\Bank-Statement-Reader-Dashboard\1_data\icici_statements
16-sep-23 74766513259336008210491 ind*amazon http://www.am in 0.00 550.00,0,16-sep-23,550.0,   sep                            ind amazon http   www am in            ,ICICI,D:\work\code_and_stuff\git_repos\bank_statement_parser\Bank-Statement-Reader-Dashboard\1_data\icici_statements
19-sep-23 interest amount amortization - <3/3> 0.00 160.45,0,19-sep-23,160.45,   sep    interest amount amortization                    ,ICICI,D:\work\code_and_stuff\git_repos\bank_statement_parser\Bank-Statement-Reader-Dashboard\1_data\icici_statements
19-sep-23 igst-ci@18% 0.00 28.88,0,19-sep-23,28.88,   sep    igst ci               ,ICICI,D:\work\code_and_stuff\git_repos\bank_statement_parser\Bank-Statement-Reader-Dashboard\1_data\icici_statements
"19-sep-23 principal amount amortization - <3/3> 0.00 12,040.89",0,19-sep-23,12040.89,   sep    principal amount amortization                       ,ICICI,D:\work\code_and_stuff\git_repos\bank_statement_parser\Bank-Statement-Reader-Dashboard\1_data\icici_statements
"19-sep-23 326252022152 upi payment received 0.00 -30,000.00",0,19-sep-23,-30000.0,   sep                 upi payment received                ,ICICI,D:\work\code_and_stuff\git_repos\bank_statement_parser\Bank-Statement-Reader-Dashboard\1_data\icici_statements
24-sep-23 74766513267338474932517 ind*amazon.in - grocer 0.00 514.00,0,24-sep-23,514.0,   sep                            ind amazon in   grocer            ,ICICI,D:\work\code_and_stuff\git_repos\bank_statement_parser\Bank-Statement-Reader-Dashboard\1_data\icici_statements
"24-sep-23 74766513267338470099105 ind*amazon http://www.am in 0.00 1,280.00",0,24-sep-23,1280.0,   sep                            ind amazon http   www am in              ,ICICI,D:\work\code_and_stuff\git_repos\bank_statement_parser\Bank-Statement-Reader-Dashboard\1_data\icici_statements
29-sep-23 74332743273327217675384 paytm app noida in 0.00 310.31,0,29-sep-23,310.31,   sep                            paytm app noida in            ,ICICI,D:\work\code_and_stuff\git_repos\bank_statement_parser\Bank-Statement-Reader-Dashboard\1_data\icici_statements
"29-sep-23 327282132058 upi payment received 0.00 -13,000.00",0,29-sep-23,-13000.0,   sep                 upi payment received                ,ICICI,D:\work\code_and_stuff\git_repos\bank_statement_parser\Bank-Statement-Reader-Dashboard\1_data\icici_statements
"30-sep-23 74056633274327334712207 easy trip planners pvtltd delhi in 0.00 9,058.00",0,30-sep-23,9058.0,   sep                            easy trip planners pvtltd delhi in              ,ICICI,D:\work\code_and_stuff\git_repos\bank_statement_parser\Bank-Statement-Reader-Dashboard\1_data\icici_statements
"30-sep-23 74056633274327334713296 easy trip planners pvtltd delhi in 0.00 8,724.00",0,30-sep-23,8724.0,   sep                            easy trip planners pvtltd delhi in              ,ICICI,D:\work\code_and_stuff\git_repos\bank_statement_parser\Bank-Statement-Reader-Dashboard\1_data\icici_statements
"30-sep-23 327386923316 upi payment received 0.00 -20,000.00",0,30-sep-23,-20000.0,   sep                 upi payment received                ,ICICI,D:\work\code_and_stuff\git_repos\bank_statement_parser\Bank-Statement-Reader-Dashboard\1_data\icici_statements
08-oct-23 74332743282328116227748 netflix mumbai in 0.00 649.00,0,08-oct-23,649.0,   oct                            netflix mumbai in            ,ICICI,D:\work\code_and_stuff\git_repos\bank_statement_parser\Bank-Statement-Reader-Dashboard\1_data\icici_statements
08-oct-23 74766513281340319743176 ind*amazon.in - grocer 0.00 268.43,0,08-oct-23,268.43,   oct                            ind amazon in   grocer            ,ICICI,D:\work\code_and_stuff\git_repos\bank_statement_parser\Bank-Statement-Reader-Dashboard\1_data\icici_statements
08-oct-23 74766513281340319749991 ind*amazon.in - grocer 0.00 240.10,0,08-oct-23,240.1,   oct                            ind amazon in   grocer            ,ICICI,D:\work\code_and_stuff\git_repos\bank_statement_parser\Bank-Statement-Reader-Dashboard\1_data\icici_statements
"13-oct-23 74766513286340658116971 ind*amazon http://www.am in 0.00 2,999.00",0,13-oct-23,2999.0,   oct                            ind amazon http   www am in              ,ICICI,D:\work\code_and_stuff\git_repos\bank_statement_parser\Bank-Statement-Reader-Dashboard\1_data\icici_statements
"14-oct-23 74766513287340716350850 ind*amazon http://www.am in 0.00 -2,999.00",0,14-oct-23,-2999.0,   oct                            ind amazon http   www am in               ,ICICI,D:\work\code_and_stuff\git_repos\bank_statement_parser\Bank-Statement-Reader-Dashboard\1_data\icici_statements
15-oct-23 74766513288341789111822 ind*amazon http://www.am in 0.00 99.00,0,15-oct-23,99.0,   oct                            ind amazon http   www am in           ,ICICI,D:\work\code_and_stuff\git_repos\bank_statement_parser\Bank-Statement-Reader-Dashboard\1_data\icici_statements
"15-oct-23 74766513288341789190669 ind*amazon http://www.am in 0.00 17,549.00",0,15-oct-23,17549.0,   oct                            ind amazon http   www am in               ,ICICI,D:\work\code_and_stuff\git_repos\bank_statement_parser\Bank-Statement-Reader-Dashboard\1_data\icici_statements
19-oct-23 74332743293329228887152 mahalakshmi service st hyderabad 0.00 707.00,0,19-oct-23,707.0,   oct                            mahalakshmi service st hyderabad            ,ICICI,D:\work\code_and_stuff\git_repos\bank_statement_parser\Bank-Statement-Reader-Dashboard\1_data\icici_statements
20-oct-23 reversal of fuel surcharge 0.00 -7.00,0,20-oct-23,-7.0,   oct    reversal of fuel surcharge           ,ICICI,D:\work\code_and_stuff\git_repos\bank_statement_parser\Bank-Statement-Reader-Dashboard\1_data\icici_statements
"20-oct-23 74766513293341101491152 ind*amazon pgsi http://www.am in 0.00 97,406.12",0,20-oct-23,97406.12,   oct                            ind amazon pgsi http   www am in               ,ICICI,D:\work\code_and_stuff\git_repos\bank_statement_parser\Bank-Statement-Reader-Dashboard\1_data\icici_statements
23-oct-23 74766513296342294592209 ind*amazon.in - grocer 0.00 895.00,0,23-oct-23,895.0,   oct                            ind amazon in   grocer            ,ICICI,D:\work\code_and_stuff\git_repos\bank_statement_parser\Bank-Statement-Reader-Dashboard\1_data\icici_statements
"23-oct-23 74766513296342294300538 ind*amazon http://www.am in 0.00 1,099.00",0,23-oct-23,1099.0,   oct                            ind amazon http   www am in              ,ICICI,D:\work\code_and_stuff\git_repos\bank_statement_parser\Bank-Statement-Reader-Dashboard\1_data\icici_statements
"25-oct-23 ind*amazon pgsi http://www.am in 0.00 -97,406.12",0,25-oct-23,-97406.12,   oct    ind amazon pgsi http   www am in                ,ICICI,D:\work\code_and_stuff\git_repos\bank_statement_parser\Bank-Statement-Reader-Dashboard\1_data\icici_statements
25-oct-23 instant emi offus conversion 0.00 0.00,0,25-oct-23,0.0,   oct    instant emi offus conversion          ,ICICI,D:\work\code_and_stuff\git_repos\bank_statement_parser\Bank-Statement-Reader-Dashboard\1_data\icici_statements
25-oct-23 processing fee 199 : 0% 0.00 199.00,0,25-oct-23,199.0,   oct    processing fee                     ,ICICI,D:\work\code_and_stuff\git_repos\bank_statement_parser\Bank-Statement-Reader-Dashboard\1_data\icici_statements
25-oct-23 igst-ci@18% 0.00 35.82,0,25-oct-23,35.82,   oct    igst ci               ,ICICI,D:\work\code_and_stuff\git_repos\bank_statement_parser\Bank-Statement-Reader-Dashboard\1_data\icici_statements
25-oct-23 74766513298342441061759 ind*amazon http://www.am in 0.00 599.00,0,25-oct-23,599.0,   oct                            ind amazon http   www am in            ,ICICI,D:\work\code_and_stuff\git_repos\bank_statement_parser\Bank-Statement-Reader-Dashboard\1_data\icici_statements
"25-oct-23 interest amount amortization - <1/6> 0.00 1,297.94",0,25-oct-23,1297.94,   oct    interest amount amortization                      ,ICICI,D:\work\code_and_stuff\git_repos\bank_statement_parser\Bank-Statement-Reader-Dashboard\1_data\icici_statements
"25-oct-23 principal amount amortization - <1/6> 0.00 15,701.89",0,25-oct-23,15701.89,   oct    principal amount amortization                       ,ICICI,D:\work\code_and_stuff\git_repos\bank_statement_parser\Bank-Statement-Reader-Dashboard\1_data\icici_statements
25-oct-23 igst-ci@18% 0.00 233.63,0,25-oct-23,233.63,   oct    igst ci                ,ICICI,D:\work\code_and_stuff\git_repos\bank_statement_parser\Bank-Statement-Reader-Dashboard\1_data\icici_statements
26-oct-23 24793383299001128549044 steamgames.com 4259522985 0.00 479.00,0,26-oct-23,479.0,   oct                            steamgames com                       ,ICICI,D:\work\code_and_stuff\git_repos\bank_statement_parser\Bank-Statement-Reader-Dashboard\1_data\icici_statements
27-oct-23 74766513300342546861596 ind*amazon http://www.am in 0.00 -599.00,0,27-oct-23,-599.0,   oct                            ind amazon http   www am in             ,ICICI,D:\work\code_and_stuff\git_repos\bank_statement_parser\Bank-Statement-Reader-Dashboard\1_data\icici_statements
30-oct-23 74332743304330373012049 amazon india cybs si mumbai in 0.00 410.40,0,30-oct-23,410.4,   oct                            amazon india cybs si mumbai in            ,ICICI,D:\work\code_and_stuff\git_repos\bank_statement_parser\Bank-Statement-Reader-Dashboard\1_data\icici_statements
"01-nov-23 74056633306330556706222 agoda company pte ltd mumbai in 0.00 2,888.32",0,01-nov-23,2888.32,   nov                            agoda company pte ltd mumbai in              ,ICICI,D:\work\code_and_stuff\git_repos\bank_statement_parser\Bank-Statement-Reader-Dashboard\1_data\icici_statements
02-nov-23 74163263307001443655782 palem organics nature hyderabad 0.00 750.00,0,02-nov-23,750.0,   nov                            palem organics nature hyderabad            ,ICICI,D:\work\code_and_stuff\git_repos\bank_statement_parser\Bank-Statement-Reader-Dashboard\1_data\icici_statements
"02-nov-23 74585193307048130728801 avenue e commerce lim k v rangaredd 0.00 1,847.50",0,02-nov-23,1847.5,   nov                            avenue e commerce lim k v rangaredd              ,ICICI,D:\work\code_and_stuff\git_repos\bank_statement_parser\Bank-Statement-Reader-Dashboard\1_data\icici_statements
"02-nov-23 367222416910 upi payment received 0.00 -50,000.00",0,02-nov-23,-50000.0,   nov                 upi payment received                ,ICICI,D:\work\code_and_stuff\git_repos\bank_statement_parser\Bank-Statement-Reader-Dashboard\1_data\icici_statements
"07-nov-23 74766513311344242823422 ind*amazon http://www.am in 0.00 32,881.00",0,07-nov-23,32881.0,   nov                            ind amazon http   www am in               ,ICICI,D:\work\code_and_stuff\git_repos\bank_statement_parser\Bank-Statement-Reader-Dashboard\1_data\icici_statements
07-nov-23 74332743312331140005175 netflix netflix in 0.00 649.00,0,07-nov-23,649.0,   nov                            netflix netflix in            ,ICICI,D:\work\code_and_stuff\git_repos\bank_statement_parser\Bank-Statement-Reader-Dashboard\1_data\icici_statements
"10-nov-23 74766513314344425738972 ind*amazon http://www.am in 0.00 1,278.91",0,10-nov-23,1278.91,   nov                            ind amazon http   www am in              ,ICICI,D:\work\code_and_stuff\git_repos\bank_statement_parser\Bank-Statement-Reader-Dashboard\1_data\icici_statements
"15-nov-23 74766513319345739819940 ind*amazon http://www.am in 0.00 -32,082.00",0,15-nov-23,-32082.0,   nov                            ind amazon http   www am in                ,ICICI,D:\work\code_and_stuff\git_repos\bank_statement_parser\Bank-Statement-Reader-Dashboard\1_data\icici_statements
"17-nov-23 74766513321345850742752 ind*amazon http://www.am in 0.00 2,199.00",0,17-nov-23,2199.0,   nov                            ind amazon http   www am in              ,ICICI,D:\work\code_and_stuff\git_repos\bank_statement_parser\Bank-Statement-Reader-Dashboard\1_data\icici_statements
21-nov-23 74766513325346090043858 ind*amazon http://www.am in 0.00 -199.00,0,21-nov-23,-199.0,   nov                            ind amazon http   www am in             ,ICICI,D:\work\code_and_stuff\git_repos\bank_statement_parser\Bank-Statement-Reader-Dashboard\1_data\icici_statements
21-nov-23 74766513325346102822992 bundl technologies p 0.00 211.00,0,21-nov-23,211.0,   nov                            bundl technologies p            ,ICICI,D:\work\code_and_stuff\git_repos\bank_statement_parser\Bank-Statement-Reader-Dashboard\1_data\icici_statements
21-nov-23 74766513325346102748361 bundl technologies p 0.00 260.00,0,21-nov-23,260.0,   nov                            bundl technologies p            ,ICICI,D:\work\code_and_stuff\git_repos\bank_statement_parser\Bank-Statement-Reader-Dashboard\1_data\icici_statements
21-nov-23 74766513325346125910493 bundl technologies p 0.00 190.00,0,21-nov-23,190.0,   nov                            bundl technologies p            ,ICICI,D:\work\code_and_stuff\git_repos\bank_statement_parser\Bank-Statement-Reader-Dashboard\1_data\icici_statements
22-nov-23 74766513326346187311233 bundl technologies p 0.00 329.00,0,22-nov-23,329.0,   nov                            bundl technologies p            ,ICICI,D:\work\code_and_stuff\git_repos\bank_statement_parser\Bank-Statement-Reader-Dashboard\1_data\icici_statements
23-nov-23 74766513327346245890904 bundl technologies p 0.00 306.00,0,23-nov-23,306.0,   nov                            bundl technologies p            ,ICICI,D:\work\code_and_stuff\git_repos\bank_statement_parser\Bank-Statement-Reader-Dashboard\1_data\icici_statements
23-nov-23 74766513327346245562545 bundl technologies p 0.00 411.00,0,23-nov-23,411.0,   nov                            bundl technologies p            ,ICICI,D:\work\code_and_stuff\git_repos\bank_statement_parser\Bank-Statement-Reader-Dashboard\1_data\icici_statements
23-nov-23 74766513327346210081414 ind*amazon http://www.am in 0.00 469.00,0,23-nov-23,469.0,   nov                            ind amazon http   www am in            ,ICICI,D:\work\code_and_stuff\git_repos\bank_statement_parser\Bank-Statement-Reader-Dashboard\1_data\icici_statements
"24-nov-23 24021213328004561105603 playstation network sony psn gb 0.00 4,759.00",0,24-nov-23,4759.0,   nov                            playstation network sony psn gb              ,ICICI,D:\work\code_and_stuff\git_repos\bank_statement_parser\Bank-Statement-Reader-Dashboard\1_data\icici_statements
24-nov-23 74766513328346300771634 bundl technologies p 0.00 292.00,0,24-nov-23,292.0,   nov                            bundl technologies p            ,ICICI,D:\work\code_and_stuff\git_repos\bank_statement_parser\Bank-Statement-Reader-Dashboard\1_data\icici_statements
24-nov-23 74056633329332863833221 innovative retail concept bangalore in 0.00 201.76,0,24-nov-23,201.76,   nov                            innovative retail concept bangalore in            ,ICICI,D:\work\code_and_stuff\git_repos\bank_statement_parser\Bank-Statement-Reader-Dashboard\1_data\icici_statements
"25-nov-23 principal amount amortization - <2/6> 0.00 15,911.12",0,25-nov-23,15911.12,   nov    principal amount amortization                       ,ICICI,D:\work\code_and_stuff\git_repos\bank_statement_parser\Bank-Statement-Reader-Dashboard\1_data\icici_statements
"25-nov-23 interest amount amortization - <2/6> 0.00 1,088.71",0,25-nov-23,1088.71,   nov    interest amount amortization                      ,ICICI,D:\work\code_and_stuff\git_repos\bank_statement_parser\Bank-Statement-Reader-Dashboard\1_data\icici_statements
26-nov-23 igst-ci@18% 0.00 195.97,0,26-nov-23,195.97,   nov    igst ci                ,ICICI,D:\work\code_and_stuff\git_repos\bank_statement_parser\Bank-Statement-Reader-Dashboard\1_data\icici_statements
26-nov-23 74766513330347412127216 ind*amazon http://www.am in 0.00 649.00,0,26-nov-23,649.0,   nov                            ind amazon http   www am in            ,ICICI,D:\work\code_and_stuff\git_repos\bank_statement_parser\Bank-Statement-Reader-Dashboard\1_data\icici_statements
26-nov-23 74766513330347412068212 ind*amazon http://www.am in 0.00 890.01,0,26-nov-23,890.01,   nov                            ind amazon http   www am in            ,ICICI,D:\work\code_and_stuff\git_repos\bank_statement_parser\Bank-Statement-Reader-Dashboard\1_data\icici_statements
27-nov-23 74766513331347488602539 bundl technologies p 0.00 181.00,0,27-nov-23,181.0,   nov                            bundl technologies p            ,ICICI,D:\work\code_and_stuff\git_repos\bank_statement_parser\Bank-Statement-Reader-Dashboard\1_data\icici_statements
27-nov-23 74766513331347452201631 ind*amazon http://www.am in 0.00 349.00,0,27-nov-23,349.0,   nov                            ind amazon http   www am in            ,ICICI,D:\work\code_and_stuff\git_repos\bank_statement_parser\Bank-Statement-Reader-Dashboard\1_data\icici_statements
28-nov-23 74766513332347544765303 bundl technologies p 0.00 190.00,0,28-nov-23,190.0,   nov                            bundl technologies p            ,ICICI,D:\work\code_and_stuff\git_repos\bank_statement_parser\Bank-Statement-Reader-Dashboard\1_data\icici_statements
29-nov-23 74332743334333324187096 amazon india cybs si mumbai in 0.00 654.55,0,29-nov-23,654.55,   nov                            amazon india cybs si mumbai in            ,ICICI,D:\work\code_and_stuff\git_repos\bank_statement_parser\Bank-Statement-Reader-Dashboard\1_data\icici_statements
"29-nov-23 74766513333347600864536 ind*amazon.in - grocer 0.00 1,366.00",0,29-nov-23,1366.0,   nov                            ind amazon in   grocer              ,ICICI,D:\work\code_and_stuff\git_repos\bank_statement_parser\Bank-Statement-Reader-Dashboard\1_data\icici_statements
30-nov-23 74766513334347641655223 bundl technologies p 0.00 425.00,0,30-nov-23,425.0,   nov                            bundl technologies p            ,ICICI,D:\work\code_and_stuff\git_repos\bank_statement_parser\Bank-Statement-Reader-Dashboard\1_data\icici_statements
30-nov-23 74056633335333431806626 bundl technologies pvt lt bengaluru 0.00 341.00,0,30-nov-23,341.0,   nov                            bundl technologies pvt lt bengaluru            ,ICICI,D:\work\code_and_stuff\git_repos\bank_statement_parser\Bank-Statement-Reader-Dashboard\1_data\icici_statements
01-dec-23 74766513335347708341666 ind*amazon http://www.am in 0.00 119.00,0,01-dec-23,119.0,   dec                            ind amazon http   www am in            ,ICICI,D:\work\code_and_stuff\git_repos\bank_statement_parser\Bank-Statement-Reader-Dashboard\1_data\icici_statements
01-dec-23 74056633336333539674438 bundl technologies pvt lt bengaluru 0.00 499.00,0,01-dec-23,499.0,   dec                            bundl technologies pvt lt bengaluru            ,ICICI,D:\work\code_and_stuff\git_repos\bank_statement_parser\Bank-Statement-Reader-Dashboard\1_data\icici_statements
"02-dec-23 74922123002000122989112 euronet chennai in 0.00 -30,001.00",0,02-dec-23,-30001.0,   dec                            euronet chennai in                ,ICICI,D:\work\code_and_stuff\git_repos\bank_statement_parser\Bank-Statement-Reader-Dashboard\1_data\icici_statements
02-dec-23 74766513336347767944409 bundl technologies p 0.00 302.00,0,02-dec-23,302.0,   dec                            bundl technologies p            ,ICICI,D:\work\code_and_stuff\git_repos\bank_statement_parser\Bank-Statement-Reader-Dashboard\1_data\icici_statements
02-dec-23 74056633337333649864159 bundl technologies pvt lt bengaluru 0.00 179.00,0,02-dec-23,179.0,   dec                            bundl technologies pvt lt bengaluru            ,ICICI,D:\work\code_and_stuff\git_repos\bank_statement_parser\Bank-Statement-Reader-Dashboard\1_data\icici_statements
03-dec-23 74766513337348826704213 ind*amazon recharges 0.00 65.00,0,03-dec-23,65.0,   dec                            ind amazon recharges           ,ICICI,D:\work\code_and_stuff\git_repos\bank_statement_parser\Bank-Statement-Reader-Dashboard\1_data\icici_statements
"03-dec-23 74056633338333757668953 curefit bangalore in 0.00 11,311.85",0,03-dec-23,11311.85,   dec                            curefit bangalore in               ,ICICI,D:\work\code_and_stuff\git_repos\bank_statement_parser\Bank-Statement-Reader-Dashboard\1_data\icici_statements
03-dec-23 74056633338333763194473 bundl technologies pvt lt bengaluru 0.00 561.00,0,03-dec-23,561.0,   dec                            bundl technologies pvt lt bengaluru            ,ICICI,D:\work\code_and_stuff\git_repos\bank_statement_parser\Bank-Statement-Reader-Dashboard\1_data\icici_statements
04-dec-23 74766513338348907331182 bundl technologies p 0.00 190.00,0,04-dec-23,190.0,   dec                            bundl technologies p            ,ICICI,D:\work\code_and_stuff\git_repos\bank_statement_parser\Bank-Statement-Reader-Dashboard\1_data\icici_statements
05-dec-23 igst-ci@18% 0.00 25.43,0,05-dec-23,25.43,   dec    igst ci               ,ICICI,D:\work\code_and_stuff\git_repos\bank_statement_parser\Bank-Statement-Reader-Dashboard\1_data\icici_statements
05-dec-23 principal amount amortization - <1/12> 0.00 879.64,0,05-dec-23,879.64,   dec    principal amount amortization                     ,ICICI,D:\work\code_and_stuff\git_repos\bank_statement_parser\Bank-Statement-Reader-Dashboard\1_data\icici_statements
05-dec-23 interest amount amortization - <1/12> 0.00 141.30,0,05-dec-23,141.3,   dec    interest amount amortization                     ,ICICI,D:\work\code_and_stuff\git_repos\bank_statement_parser\Bank-Statement-Reader-Dashboard\1_data\icici_statements
05-dec-23 igst-ci@18% 0.00 35.82,0,05-dec-23,35.82,   dec    igst ci               ,ICICI,D:\work\code_and_stuff\git_repos\bank_statement_parser\Bank-Statement-Reader-Dashboard\1_data\icici_statements
05-dec-23 instant emi offus conversion 0.00 0.00,0,05-dec-23,0.0,   dec    instant emi offus conversion          ,ICICI,D:\work\code_and_stuff\git_repos\bank_statement_parser\Bank-Statement-Reader-Dashboard\1_data\icici_statements
"05-dec-23 curefit bangalore in 0.00 -11,311.85",0,05-dec-23,-11311.85,   dec    curefit bangalore in                ,ICICI,D:\work\code_and_stuff\git_repos\bank_statement_parser\Bank-Statement-Reader-Dashboard\1_data\icici_statements
05-dec-23 processing fee 199 : 0% 0.00 199.00,0,05-dec-23,199.0,   dec    processing fee                     ,ICICI,D:\work\code_and_stuff\git_repos\bank_statement_parser\Bank-Statement-Reader-Dashboard\1_data\icici_statements
07-dec-23 74766513341348050953829 ind*amazon http://www.am in 0.00 -349.00,0,07-dec-23,-349.0,   dec                            ind amazon http   www am in             ,ICICI,D:\work\code_and_stuff\git_repos\bank_statement_parser\Bank-Statement-Reader-Dashboard\1_data\icici_statements
07-dec-23 74332743342334165406413 netflix netflix in 0.00 649.00,0,07-dec-23,649.0,   dec                            netflix netflix in            ,ICICI,D:\work\code_and_stuff\git_repos\bank_statement_parser\Bank-Statement-Reader-Dashboard\1_data\icici_statements
"08-dec-23 74766513342348110117687 ind*amazon http://www.am in 0.00 18,490.00",0,08-dec-23,18490.0,   dec                            ind amazon http   www am in               ,ICICI,D:\work\code_and_stuff\git_repos\bank_statement_parser\Bank-Statement-Reader-Dashboard\1_data\icici_statements
"09-dec-23 74922123009000124874604 euronet chennai in 0.00 -30,000.00",0,09-dec-23,-30000.0,   dec                            euronet chennai in                ,ICICI,D:\work\code_and_stuff\git_repos\bank_statement_parser\Bank-Statement-Reader-Dashboard\1_data\icici_statements
"09-dec-23 74766513343348179368386 ind*amazon http://www.am in 0.00 22,254.00",0,09-dec-23,22254.0,   dec                            ind amazon http   www am in               ,ICICI,D:\work\code_and_stuff\git_repos\bank_statement_parser\Bank-Statement-Reader-Dashboard\1_data\icici_statements
"09-dec-23 74766513343348182644849 ind*amazon http://www.am in 0.00 -18,490.00",0,09-dec-23,-18490.0,   dec                            ind amazon http   www am in                ,ICICI,D:\work\code_and_stuff\git_repos\bank_statement_parser\Bank-Statement-Reader-Dashboard\1_data\icici_statements
"12-dec-23 74766513346349403765238 ind*amazon http://www.am in 0.00 2,999.00",0,12-dec-23,2999.0,   dec                            ind amazon http   www am in              ,ICICI,D:\work\code_and_stuff\git_repos\bank_statement_parser\Bank-Statement-Reader-Dashboard\1_data\icici_statements
14-dec-23 74766513348349505649627 ind*amazon http://www.am in 0.00 -890.01,0,14-dec-23,-890.01,   dec                            ind amazon http   www am in             ,ICICI,D:\work\code_and_stuff\git_repos\bank_statement_parser\Bank-Statement-Reader-Dashboard\1_data\icici_statements
22-dec-23 74332743357335668586298 mahalakshmi service st hyderabad 0.00 808.00,0,22-dec-23,808.0,   dec                            mahalakshmi service st hyderabad            ,ICICI,D:\work\code_and_stuff\git_repos\bank_statement_parser\Bank-Statement-Reader-Dashboard\1_data\icici_statements
24-dec-23 reversal of fuel surcharge 0.00 -8.00,0,24-dec-23,-8.0,   dec    reversal of fuel surcharge           ,ICICI,D:\work\code_and_stuff\git_repos\bank_statement_parser\Bank-Statement-Reader-Dashboard\1_data\icici_statements
25-dec-23 interest amount amortization - <3/6> 0.00 876.69,0,25-dec-23,876.69,   dec    interest amount amortization                    ,ICICI,D:\work\code_and_stuff\git_repos\bank_statement_parser\Bank-Statement-Reader-Dashboard\1_data\icici_statements
25-dec-23 igst-ci@18% 0.00 157.80,0,25-dec-23,157.8,   dec    igst ci                ,ICICI,D:\work\code_and_stuff\git_repos\bank_statement_parser\Bank-Statement-Reader-Dashboard\1_data\icici_statements
"25-dec-23 principal amount amortization - <3/6> 0.00 16,123.14",0,25-dec-23,16123.14,   dec    principal amount amortization                       ,ICICI,D:\work\code_and_stuff\git_repos\bank_statement_parser\Bank-Statement-Reader-Dashboard\1_data\icici_statements
30-dec-23 74332743365336454436433 amazon india cybs si mumbai in 0.00 275.50,0,30-dec-23,275.5,   dec                            amazon india cybs si mumbai in            ,ICICI,D:\work\code_and_stuff\git_repos\bank_statement_parser\Bank-Statement-Reader-Dashboard\1_data\icici_statements
"01-jan-24 400198927651 upi payment received 0.00 -30,000.30",0,01-jan-24,-30000.3,   jan                 upi payment received                ,ICICI,D:\work\code_and_stuff\git_repos\bank_statement_parser\Bank-Statement-Reader-Dashboard\1_data\icici_statements
05-jan-24 74766514005400981272152 bundl technologies p 0.00 192.00,0,05-jan-24,192.0,   jan                            bundl technologies p            ,ICICI,D:\work\code_and_stuff\git_repos\bank_statement_parser\Bank-Statement-Reader-Dashboard\1_data\icici_statements
05-jan-24 igst-ci@18% 0.00 23.46,0,05-jan-24,23.46,   jan    igst ci               ,ICICI,D:\work\code_and_stuff\git_repos\bank_statement_parser\Bank-Statement-Reader-Dashboard\1_data\icici_statements
05-jan-24 principal amount amortization - <2/12> 0.00 890.62,0,05-jan-24,890.62,   jan    principal amount amortization                     ,ICICI,D:\work\code_and_stuff\git_repos\bank_statement_parser\Bank-Statement-Reader-Dashboard\1_data\icici_statements
05-jan-24 interest amount amortization - <2/12> 0.00 130.32,0,05-jan-24,130.32,   jan    interest amount amortization                     ,ICICI,D:\work\code_and_stuff\git_repos\bank_statement_parser\Bank-Statement-Reader-Dashboard\1_data\icici_statements
06-jan-24 74766514006400049720894 bundl technologies p 0.00 252.00,0,06-jan-24,252.0,   jan                            bundl technologies p            ,ICICI,D:\work\code_and_stuff\git_repos\bank_statement_parser\Bank-Statement-Reader-Dashboard\1_data\icici_statements
06-jan-24 74766514006400049757516 bundl technologies p 0.00 192.00,0,06-jan-24,192.0,   jan                            bundl technologies p            ,ICICI,D:\work\code_and_stuff\git_repos\bank_statement_parser\Bank-Statement-Reader-Dashboard\1_data\icici_statements
07-jan-24 74783844007000152055770 swiggy tech. bangalore in 0.00 -87.00,0,07-jan-24,-87.0,   jan                            swiggy tech  bangalore in            ,ICICI,D:\work\code_and_stuff\git_repos\bank_statement_parser\Bank-Statement-Reader-Dashboard\1_data\icici_statements
07-jan-24 74766514007400114103538 bundl technologies p 0.00 205.00,0,07-jan-24,205.0,   jan                            bundl technologies p            ,ICICI,D:\work\code_and_stuff\git_repos\bank_statement_parser\Bank-Statement-Reader-Dashboard\1_data\icici_statements
07-jan-24 74056634008400717496812 swiggy banglore in 0.00 290.00,0,07-jan-24,290.0,   jan                            swiggy banglore in            ,ICICI,D:\work\code_and_stuff\git_repos\bank_statement_parser\Bank-Statement-Reader-Dashboard\1_data\icici_statements
07-jan-24 74332744009400704838887 netflix netflix in 0.00 649.00,0,07-jan-24,649.0,   jan                            netflix netflix in            ,ICICI,D:\work\code_and_stuff\git_repos\bank_statement_parser\Bank-Statement-Reader-Dashboard\1_data\icici_statements
07-jan-24 74766514007400087084715 bundl technologies p 0.00 236.00,0,07-jan-24,236.0,   jan                            bundl technologies p            ,ICICI,D:\work\code_and_stuff\git_repos\bank_statement_parser\Bank-Statement-Reader-Dashboard\1_data\icici_statements
08-jan-24 74766514008401175362376 bundl technologies p 0.00 192.00,0,08-jan-24,192.0,   jan                            bundl technologies p            ,ICICI,D:\work\code_and_stuff\git_repos\bank_statement_parser\Bank-Statement-Reader-Dashboard\1_data\icici_statements
09-jan-24 74766514009401217983915 bundl technologies p 0.00 216.00,0,09-jan-24,216.0,   jan                            bundl technologies p            ,ICICI,D:\work\code_and_stuff\git_repos\bank_statement_parser\Bank-Statement-Reader-Dashboard\1_data\icici_statements
09-jan-24 74766514009401239020803 bundl technologies p 0.00 192.00,0,09-jan-24,192.0,   jan                            bundl technologies p            ,ICICI,D:\work\code_and_stuff\git_repos\bank_statement_parser\Bank-Statement-Reader-Dashboard\1_data\icici_statements
11-jan-24 74766514011401341555817 bundl technologies p 0.00 271.00,0,11-jan-24,271.0,   jan                            bundl technologies p            ,ICICI,D:\work\code_and_stuff\git_repos\bank_statement_parser\Bank-Statement-Reader-Dashboard\1_data\icici_statements
11-jan-24 74766514011401361871144 bundl technologies p 0.00 295.00,0,11-jan-24,295.0,   jan                            bundl technologies p            ,ICICI,D:\work\code_and_stuff\git_repos\bank_statement_parser\Bank-Statement-Reader-Dashboard\1_data\icici_statements
12-jan-24 74766514012401423418958 bundl technologies p 0.00 535.00,0,12-jan-24,535.0,   jan                            bundl technologies p            ,ICICI,D:\work\code_and_stuff\git_repos\bank_statement_parser\Bank-Statement-Reader-Dashboard\1_data\icici_statements
12-jan-24 74766514012401397739264 bundl technologies p 0.00 169.00,0,12-jan-24,169.0,   jan                            bundl technologies p            ,ICICI,D:\work\code_and_stuff\git_repos\bank_statement_parser\Bank-Statement-Reader-Dashboard\1_data\icici_statements
13-jan-24 74766514013401498625031 bundl technologies p 0.00 209.00,0,13-jan-24,209.0,   jan                            bundl technologies p            ,ICICI,D:\work\code_and_stuff\git_repos\bank_statement_parser\Bank-Statement-Reader-Dashboard\1_data\icici_statements
13-jan-24 74766514013401495309787 ind*amazon http://www.am in 0.00 264.00,0,13-jan-24,264.0,   jan                            ind amazon http   www am in            ,ICICI,D:\work\code_and_stuff\git_repos\bank_statement_parser\Bank-Statement-Reader-Dashboard\1_data\icici_statements
13-jan-24 74766514013401470154588 bundl technologies p 0.00 192.00,0,13-jan-24,192.0,   jan                            bundl technologies p            ,ICICI,D:\work\code_and_stuff\git_repos\bank_statement_parser\Bank-Statement-Reader-Dashboard\1_data\icici_statements
"14-jan-24 74119664014014049291074 raz*service lee technol mumbai in 0.00 3,499.00",0,14-jan-24,3499.0,   jan                            raz service lee technol mumbai in              ,ICICI,D:\work\code_and_stuff\git_repos\bank_statement_parser\Bank-Statement-Reader-Dashboard\1_data\icici_statements
14-jan-24 74766514014401528611463 ind*amazon http://www.am in 0.00 -260.00,0,14-jan-24,-260.0,   jan                            ind amazon http   www am in             ,ICICI,D:\work\code_and_stuff\git_repos\bank_statement_parser\Bank-Statement-Reader-Dashboard\1_data\icici_statements
14-jan-24 74766514014401525064427 ind*amazon http://www.am in 0.00 260.00,0,14-jan-24,260.0,   jan                            ind amazon http   www am in            ,ICICI,D:\work\code_and_stuff\git_repos\bank_statement_parser\Bank-Statement-Reader-Dashboard\1_data\icici_statements
"14-jan-24 74766514014401525115237 ind*amazon http://www.am in 0.00 4,176.00",0,14-jan-24,4176.0,   jan                            ind amazon http   www am in              ,ICICI,D:\work\code_and_stuff\git_repos\bank_statement_parser\Bank-Statement-Reader-Dashboard\1_data\icici_statements
15-jan-24 74766514015402614443216 ind*amazon http://www.am in 0.00 489.02,0,15-jan-24,489.02,   jan                            ind amazon http   www am in            ,ICICI,D:\work\code_and_stuff\git_repos\bank_statement_parser\Bank-Statement-Reader-Dashboard\1_data\icici_statements
17-jan-24 74332744018401775485094 venkatadri fuel point hyderabad in 0.00 808.00,0,17-jan-24,808.0,   jan                            venkatadri fuel point hyderabad in            ,ICICI,D:\work\code_and_stuff\git_repos\bank_statement_parser\Bank-Statement-Reader-Dashboard\1_data\icici_statements
18-jan-24 reversal of fuel surcharge 0.00 -8.00,0,18-jan-24,-8.0,   jan    reversal of fuel surcharge           ,ICICI,D:\work\code_and_stuff\git_repos\bank_statement_parser\Bank-Statement-Reader-Dashboard\1_data\icici_statements
18-jan-24 74056634019401835018774 bundl technologies pvt lt bengaluru 0.00 309.00,0,18-jan-24,309.0,   jan                            bundl technologies pvt lt bengaluru            ,ICICI,D:\work\code_and_stuff\git_repos\bank_statement_parser\Bank-Statement-Reader-Dashboard\1_data\icici_statements
20-jan-24 74056634021402055804493 bundl technologies pvt lt bengaluru 0.00 247.00,0,20-jan-24,247.0,   jan                            bundl technologies pvt lt bengaluru            ,ICICI,D:\work\code_and_stuff\git_repos\bank_statement_parser\Bank-Statement-Reader-Dashboard\1_data\icici_statements
22-jan-24 74056634023402276888265 bundl technologies pvt lt bengaluru 0.00 284.00,0,22-jan-24,284.0,   jan                            bundl technologies pvt lt bengaluru            ,ICICI,D:\work\code_and_stuff\git_repos\bank_statement_parser\Bank-Statement-Reader-Dashboard\1_data\icici_statements
22-jan-24 74056634023402276878183 bundl technologies pvt lt bengaluru 0.00 191.00,0,22-jan-24,191.0,   jan                            bundl technologies pvt lt bengaluru            ,ICICI,D:\work\code_and_stuff\git_repos\bank_statement_parser\Bank-Statement-Reader-Dashboard\1_data\icici_statements
24-jan-24 74056634025402496612865 bundl technologies pvt lt bengaluru 0.00 309.00,0,24-jan-24,309.0,   jan                            bundl technologies pvt lt bengaluru            ,ICICI,D:\work\code_and_stuff\git_repos\bank_statement_parser\Bank-Statement-Reader-Dashboard\1_data\icici_statements
25-jan-24 igst-ci@18% 0.00 119.13,0,25-jan-24,119.13,   jan    igst ci                ,ICICI,D:\work\code_and_stuff\git_repos\bank_statement_parser\Bank-Statement-Reader-Dashboard\1_data\icici_statements
25-jan-24 74766514025403182033809 ind*amazon http://www.am in 0.00 519.00,0,25-jan-24,519.0,   jan                            ind amazon http   www am in            ,ICICI,D:\work\code_and_stuff\git_repos\bank_statement_parser\Bank-Statement-Reader-Dashboard\1_data\icici_statements
25-jan-24 interest amount amortization - <4/6> 0.00 661.85,0,25-jan-24,661.85,   jan    interest amount amortization                    ,ICICI,D:\work\code_and_stuff\git_repos\bank_statement_parser\Bank-Statement-Reader-Dashboard\1_data\icici_statements
"25-jan-24 principal amount amortization - <4/6> 0.00 16,337.98",0,25-jan-24,16337.98,   jan    principal amount amortization                       ,ICICI,D:\work\code_and_stuff\git_repos\bank_statement_parser\Bank-Statement-Reader-Dashboard\1_data\icici_statements
26-jan-24 74056634027402618326665 bundl technologies pvt lt bengaluru 0.00 125.00,0,26-jan-24,125.0,   jan                            bundl technologies pvt lt bengaluru            ,ICICI,D:\work\code_and_stuff\git_repos\bank_statement_parser\Bank-Statement-Reader-Dashboard\1_data\icici_statements
26-jan-24 74056634027402618332556 bundl technologies pvt lt bengaluru 0.00 -77.00,0,26-jan-24,-77.0,   jan                            bundl technologies pvt lt bengaluru            ,ICICI,D:\work\code_and_stuff\git_repos\bank_statement_parser\Bank-Statement-Reader-Dashboard\1_data\icici_statements
26-jan-24 74056634027402617006821 bundl technologies pvt lt bengaluru 0.00 795.00,0,26-jan-24,795.0,   jan                            bundl technologies pvt lt bengaluru            ,ICICI,D:\work\code_and_stuff\git_repos\bank_statement_parser\Bank-Statement-Reader-Dashboard\1_data\icici_statements
27-jan-24 74056634028402729579656 bundl technologies pvt lt bengaluru 0.00 307.00,0,27-jan-24,307.0,   jan                            bundl technologies pvt lt bengaluru            ,ICICI,D:\work\code_and_stuff\git_repos\bank_statement_parser\Bank-Statement-Reader-Dashboard\1_data\icici_statements
27-jan-24 74766514027403302690759 ind*amazon.in - grocer 0.00 260.00,0,27-jan-24,260.0,   jan                            ind amazon in   grocer            ,ICICI,D:\work\code_and_stuff\git_repos\bank_statement_parser\Bank-Statement-Reader-Dashboard\1_data\icici_statements
27-jan-24 74056634028402725511711 bundl technologies pvt lt bengaluru 0.00 414.00,0,27-jan-24,414.0,   jan                            bundl technologies pvt lt bengaluru            ,ICICI,D:\work\code_and_stuff\git_repos\bank_statement_parser\Bank-Statement-Reader-Dashboard\1_data\icici_statements
"27-jan-24 74766514027403307095004 ind*amazon http://www.am in 0.00 -4,176.00",0,27-jan-24,-4176.0,   jan                            ind amazon http   www am in               ,ICICI,D:\work\code_and_stuff\git_repos\bank_statement_parser\Bank-Statement-Reader-Dashboard\1_data\icici_statements
28-jan-24 74766514028403364961600 ind*amazon http://www.am in 0.00 299.62,0,28-jan-24,299.62,   jan                            ind amazon http   www am in            ,ICICI,D:\work\code_and_stuff\git_repos\bank_statement_parser\Bank-Statement-Reader-Dashboard\1_data\icici_statements
28-jan-24 74056634029402840919905 bundl technologies pvt lt bengaluru 0.00 271.00,0,28-jan-24,271.0,   jan                            bundl technologies pvt lt bengaluru            ,ICICI,D:\work\code_and_stuff\git_repos\bank_statement_parser\Bank-Statement-Reader-Dashboard\1_data\icici_statements
29-jan-24 74056634030402952437859 bundl technologies pvt lt bengaluru 0.00 181.00,0,29-jan-24,181.0,   jan                            bundl technologies pvt lt bengaluru            ,ICICI,D:\work\code_and_stuff\git_repos\bank_statement_parser\Bank-Statement-Reader-Dashboard\1_data\icici_statements
29-jan-24 74766514029404426108288 ind*amazon http://www.am in 0.00 308.46,0,29-jan-24,308.46,   jan                            ind amazon http   www am in            ,ICICI,D:\work\code_and_stuff\git_repos\bank_statement_parser\Bank-Statement-Reader-Dashboard\1_data\icici_statements
29-jan-24 74056634030402952437859 bundl technologies pvt lt bengaluru 0.00 181.00,0,29-jan-24,181.0,   jan                            bundl technologies pvt lt bengaluru            ,ICICI,D:\work\code_and_stuff\git_repos\bank_statement_parser\Bank-Statement-Reader-Dashboard\1_data\icici_statements
29-jan-24 74056634030402952437859 bundl technologies pvt lt bengaluru 0.00 -181.00,0,29-jan-24,-181.0,   jan                            bundl technologies pvt lt bengaluru             ,ICICI,D:\work\code_and_stuff\git_repos\bank_statement_parser\Bank-Statement-Reader-Dashboard\1_data\icici_statements
30-jan-24 74056634031403062384634 bundl technologies pvt lt bengaluru 0.00 190.00,0,30-jan-24,190.0,   jan                            bundl technologies pvt lt bengaluru            ,ICICI,D:\work\code_and_stuff\git_repos\bank_statement_parser\Bank-Statement-Reader-Dashboard\1_data\icici_statements
02-feb-24 74332744034403349758139 venkatadri fuel point hyderabad in 0.00 808.00,0,02-feb-24,808.0,   feb                            venkatadri fuel point hyderabad in            ,ICICI,D:\work\code_and_stuff\git_repos\bank_statement_parser\Bank-Statement-Reader-Dashboard\1_data\icici_statements
"02-feb-24 439908341588 upi payment received 0.00 -20,000.00",0,02-feb-24,-20000.0,   feb                 upi payment received                ,ICICI,D:\work\code_and_stuff\git_repos\bank_statement_parser\Bank-Statement-Reader-Dashboard\1_data\icici_statements
03-feb-24 74056634035403402046386 bundl technologies pvt lt bengaluru 0.00 227.00,0,03-feb-24,227.0,   feb                            bundl technologies pvt lt bengaluru            ,ICICI,D:\work\code_and_stuff\git_repos\bank_statement_parser\Bank-Statement-Reader-Dashboard\1_data\icici_statements
"03-feb-24 74766514034404727608294 ind*amazon.in - grocer 0.00 2,124.00",0,03-feb-24,2124.0,   feb                            ind amazon in   grocer              ,ICICI,D:\work\code_and_stuff\git_repos\bank_statement_parser\Bank-Statement-Reader-Dashboard\1_data\icici_statements
03-feb-24 74766514034404731785815 ind*amazon.in - grocer 0.00 593.00,0,03-feb-24,593.0,   feb                            ind amazon in   grocer            ,ICICI,D:\work\code_and_stuff\git_repos\bank_statement_parser\Bank-Statement-Reader-Dashboard\1_data\icici_statements
04-feb-24 reversal of fuel surcharge 0.00 -8.00,0,04-feb-24,-8.0,   feb    reversal of fuel surcharge           ,ICICI,D:\work\code_and_stuff\git_repos\bank_statement_parser\Bank-Statement-Reader-Dashboard\1_data\icici_statements
05-feb-24 interest amount amortization - <3/12> 0.00 119.19,0,05-feb-24,119.19,   feb    interest amount amortization                     ,ICICI,D:\work\code_and_stuff\git_repos\bank_statement_parser\Bank-Statement-Reader-Dashboard\1_data\icici_statements
05-feb-24 igst-ci@18% 0.00 21.45,0,05-feb-24,21.45,   feb    igst ci               ,ICICI,D:\work\code_and_stuff\git_repos\bank_statement_parser\Bank-Statement-Reader-Dashboard\1_data\icici_statements
05-feb-24 principal amount amortization - <3/12> 0.00 901.75,0,05-feb-24,901.75,   feb    principal amount amortization                     ,ICICI,D:\work\code_and_stuff\git_repos\bank_statement_parser\Bank-Statement-Reader-Dashboard\1_data\icici_statements
06-feb-24 74766514037405942183762 ind*amazon http://www.am in 0.00 139.00,0,06-feb-24,139.0,   feb                            ind amazon http   www am in            ,ICICI,D:\work\code_and_stuff\git_repos\bank_statement_parser\Bank-Statement-Reader-Dashboard\1_data\icici_statements
07-feb-24 74332744039403820719860 netflix netflix in 0.00 649.00,0,07-feb-24,649.0,   feb                            netflix netflix in            ,ICICI,D:\work\code_and_stuff\git_repos\bank_statement_parser\Bank-Statement-Reader-Dashboard\1_data\icici_statements
"08-feb-24 74766514039405040929742 ing*flipkart www.flipkart. in 0.00 4,499.00",0,08-feb-24,4499.0,   feb                            ing flipkart www flipkart  in              ,ICICI,D:\work\code_and_stuff\git_repos\bank_statement_parser\Bank-Statement-Reader-Dashboard\1_data\icici_statements
08-feb-24 74056634040403959047640 bundl technologies pvt lt bengaluru 0.00 259.00,0,08-feb-24,259.0,   feb                            bundl technologies pvt lt bengaluru            ,ICICI,D:\work\code_and_stuff\git_repos\bank_statement_parser\Bank-Statement-Reader-Dashboard\1_data\icici_statements
09-feb-24 74056634041404072155350 bundl technologies pvt lt bengaluru 0.00 303.00,0,09-feb-24,303.0,   feb                            bundl technologies pvt lt bengaluru            ,ICICI,D:\work\code_and_stuff\git_repos\bank_statement_parser\Bank-Statement-Reader-Dashboard\1_data\icici_statements
10-feb-24 74056634042404183058575 bundl technologies pvt lt bengaluru 0.00 239.00,0,10-feb-24,239.0,   feb                            bundl technologies pvt lt bengaluru            ,ICICI,D:\work\code_and_stuff\git_repos\bank_statement_parser\Bank-Statement-Reader-Dashboard\1_data\icici_statements
10-feb-24 74056634042404182731370 bundl technologies pvt lt bengaluru 0.00 307.00,0,10-feb-24,307.0,   feb                            bundl technologies pvt lt bengaluru            ,ICICI,D:\work\code_and_stuff\git_repos\bank_statement_parser\Bank-Statement-Reader-Dashboard\1_data\icici_statements
15-feb-24 74766514046406509758664 ind*amazon http://www.am in 0.00 399.00,0,15-feb-24,399.0,   feb                            ind amazon http   www am in            ,ICICI,D:\work\code_and_stuff\git_repos\bank_statement_parser\Bank-Statement-Reader-Dashboard\1_data\icici_statements
15-feb-24 74766514046406482471210 ind*amazon http://www.am in 0.00 255.00,0,15-feb-24,255.0,   feb                            ind amazon http   www am in            ,ICICI,D:\work\code_and_stuff\git_repos\bank_statement_parser\Bank-Statement-Reader-Dashboard\1_data\icici_statements
16-feb-24 74056634048404745586281 bundl technologies pvt lt bengaluru 0.00 269.00,0,16-feb-24,269.0,   feb                            bundl technologies pvt lt bengaluru            ,ICICI,D:\work\code_and_stuff\git_repos\bank_statement_parser\Bank-Statement-Reader-Dashboard\1_data\icici_statements
17-feb-24 74766514048406643632492 ind*amazon.in - grocer 0.00 199.00,0,17-feb-24,199.0,   feb                            ind amazon in   grocer            ,ICICI,D:\work\code_and_stuff\git_repos\bank_statement_parser\Bank-Statement-Reader-Dashboard\1_data\icici_statements
"17-feb-24 404826255689 upi payment received 0.00 -6,000.00",0,17-feb-24,-6000.0,   feb                 upi payment received               ,ICICI,D:\work\code_and_stuff\git_repos\bank_statement_parser\Bank-Statement-Reader-Dashboard\1_data\icici_statements
"19-feb-24 74766514050407761689723 ind*amazon http://www.am in 0.00 1,390.00",0,19-feb-24,1390.0,   feb                            ind amazon http   www am in              ,ICICI,D:\work\code_and_stuff\git_repos\bank_statement_parser\Bank-Statement-Reader-Dashboard\1_data\icici_statements
19-feb-24 74056634051405079779594 bundl technologies pvt lt bengaluru 0.00 307.00,0,19-feb-24,307.0,   feb                            bundl technologies pvt lt bengaluru            ,ICICI,D:\work\code_and_stuff\git_repos\bank_statement_parser\Bank-Statement-Reader-Dashboard\1_data\icici_statements
"20-feb-24 74766514051407830610154 ind*amazon http://www.am in 0.00 -1,390.00",0,20-feb-24,-1390.0,   feb                            ind amazon http   www am in               ,ICICI,D:\work\code_and_stuff\git_repos\bank_statement_parser\Bank-Statement-Reader-Dashboard\1_data\icici_statements
20-feb-24 74332744052405105991199 venkatadri fuel point hyderabad in 0.00 989.44,0,20-feb-24,989.44,   feb                            venkatadri fuel point hyderabad in            ,ICICI,D:\work\code_and_stuff\git_repos\bank_statement_parser\Bank-Statement-Reader-Dashboard\1_data\icici_statements
21-feb-24 74766514052407896269407 bundl technologies p 0.00 609.00,0,21-feb-24,609.0,   feb                            bundl technologies p            ,ICICI,D:\work\code_and_stuff\git_repos\bank_statement_parser\Bank-Statement-Reader-Dashboard\1_data\icici_statements
21-feb-24 reversal of fuel surcharge 0.00 -9.80,0,21-feb-24,-9.8,   feb    reversal of fuel surcharge           ,ICICI,D:\work\code_and_stuff\git_repos\bank_statement_parser\Bank-Statement-Reader-Dashboard\1_data\icici_statements
22-feb-24 74766514053407985823535 swiggy www.swiggy.in in 0.00 307.00,0,22-feb-24,307.0,   feb                            swiggy www swiggy in in            ,ICICI,D:\work\code_and_stuff\git_repos\bank_statement_parser\Bank-Statement-Reader-Dashboard\1_data\icici_statements
23-feb-24 74766514054407050838623 swiggy www.swiggy.in in 0.00 488.00,0,23-feb-24,488.0,   feb                            swiggy www swiggy in in            ,ICICI,D:\work\code_and_stuff\git_repos\bank_statement_parser\Bank-Statement-Reader-Dashboard\1_data\icici_statements
24-feb-24 74766514055407105990790 swiggy www.swiggy.in in 0.00 428.00,0,24-feb-24,428.0,   feb                            swiggy www swiggy in in            ,ICICI,D:\work\code_and_stuff\git_repos\bank_statement_parser\Bank-Statement-Reader-Dashboard\1_data\icici_statements
24-feb-24 74766514055407119758357 swiggy www.swiggy.in in 0.00 307.00,0,24-feb-24,307.0,   feb                            swiggy www swiggy in in            ,ICICI,D:\work\code_and_stuff\git_repos\bank_statement_parser\Bank-Statement-Reader-Dashboard\1_data\icici_statements
24-feb-24 74766514055407105988117 swiggy www.swiggy.in in 0.00 899.00,0,24-feb-24,899.0,   feb                            swiggy www swiggy in in            ,ICICI,D:\work\code_and_stuff\git_repos\bank_statement_parser\Bank-Statement-Reader-Dashboard\1_data\icici_statements
25-feb-24 74766514056407196018658 swiggy www.swiggy.in in 0.00 286.00,0,25-feb-24,286.0,   feb                            swiggy www swiggy in in            ,ICICI,D:\work\code_and_stuff\git_repos\bank_statement_parser\Bank-Statement-Reader-Dashboard\1_data\icici_statements
25-feb-24 interest amount amortization - <5/6> 0.00 444.15,0,25-feb-24,444.15,   feb    interest amount amortization                    ,ICICI,D:\work\code_and_stuff\git_repos\bank_statement_parser\Bank-Statement-Reader-Dashboard\1_data\icici_statements
25-feb-24 igst-ci@18% 0.00 79.95,0,25-feb-24,79.95,   feb    igst ci               ,ICICI,D:\work\code_and_stuff\git_repos\bank_statement_parser\Bank-Statement-Reader-Dashboard\1_data\icici_statements
"25-feb-24 principal amount amortization - <5/6> 0.00 16,555.68",0,25-feb-24,16555.68,   feb    principal amount amortization                       ,ICICI,D:\work\code_and_stuff\git_repos\bank_statement_parser\Bank-Statement-Reader-Dashboard\1_data\icici_statements
27-feb-24 74766514058408327698689 swiggy www.swiggy.in in 0.00 269.00,0,27-feb-24,269.0,   feb                            swiggy www swiggy in in            ,ICICI,D:\work\code_and_stuff\git_repos\bank_statement_parser\Bank-Statement-Reader-Dashboard\1_data\icici_statements
27-feb-24 74766514058408328794396 swiggy www.swiggy.in in 0.00 198.00,0,27-feb-24,198.0,   feb                            swiggy www swiggy in in            ,ICICI,D:\work\code_and_stuff\git_repos\bank_statement_parser\Bank-Statement-Reader-Dashboard\1_data\icici_statements
28-feb-24 74766514059408361131679 ind*amazon.in - grocer 0.00 649.00,0,28-feb-24,649.0,   feb                            ind amazon in   grocer            ,ICICI,D:\work\code_and_stuff\git_repos\bank_statement_parser\Bank-Statement-Reader-Dashboard\1_data\icici_statements
28-feb-24 74766514059408389675244 swiggy www.swiggy.in in 0.00 433.00,0,28-feb-24,433.0,   feb                            swiggy www swiggy in in            ,ICICI,D:\work\code_and_stuff\git_repos\bank_statement_parser\Bank-Statement-Reader-Dashboard\1_data\icici_statements
29-feb-24 74766514060408428638853 ind*amazon.in - grocer 0.00 -649.00,0,29-feb-24,-649.0,   feb                            ind amazon in   grocer             ,ICICI,D:\work\code_and_stuff\git_repos\bank_statement_parser\Bank-Statement-Reader-Dashboard\1_data\icici_statements
29-feb-24 74766514060408463752999 swiggy www.swiggy.in in 0.00 367.00,0,29-feb-24,367.0,   feb                            swiggy www swiggy in in            ,ICICI,D:\work\code_and_stuff\git_repos\bank_statement_parser\Bank-Statement-Reader-Dashboard\1_data\icici_statements
"29-feb-24 24038864061060219493652 vu technologies private mumbai in 0.00 9,000.00",0,29-feb-24,9000.0,   feb                            vu technologies private mumbai in              ,ICICI,D:\work\code_and_stuff\git_repos\bank_statement_parser\Bank-Statement-Reader-Dashboard\1_data\icici_statements
29-feb-24 74766514060408463461799 swiggy www.swiggy.in in 0.00 260.00,0,29-feb-24,260.0,   feb                            swiggy www swiggy in in            ,ICICI,D:\work\code_and_stuff\git_repos\bank_statement_parser\Bank-Statement-Reader-Dashboard\1_data\icici_statements
"29-feb-24 600329022024s97167315 neft payment received 0.00 -30,000.00",0,29-feb-24,-30000.0,   feb                s         neft payment received                ,ICICI,D:\work\code_and_stuff\git_repos\bank_statement_parser\Bank-Statement-Reader-Dashboard\1_data\icici_statements
01-mar-24 74056634062406192724258 bundl technologies pvt lt bengaluru 0.00 324.00,0,01-mar-24,324.0,   mar                            bundl technologies pvt lt bengaluru            ,ICICI,D:\work\code_and_stuff\git_repos\bank_statement_parser\Bank-Statement-Reader-Dashboard\1_data\icici_statements
02-mar-24 74783844062000027410335 swiggy tech. bangalore in 0.00 -16.52,0,02-mar-24,-16.52,   mar                            swiggy tech  bangalore in            ,ICICI,D:\work\code_and_stuff\git_repos\bank_statement_parser\Bank-Statement-Reader-Dashboard\1_data\icici_statements
02-mar-24 74056634063406201906879 bundl technologies pvt lt bengaluru 0.00 277.00,0,02-mar-24,277.0,   mar                            bundl technologies pvt lt bengaluru            ,ICICI,D:\work\code_and_stuff\git_repos\bank_statement_parser\Bank-Statement-Reader-Dashboard\1_data\icici_statements
04-mar-24 74056634065406424707516 bundl technologies pvt lt bengaluru 0.00 345.00,0,04-mar-24,345.0,   mar                            bundl technologies pvt lt bengaluru            ,ICICI,D:\work\code_and_stuff\git_repos\bank_statement_parser\Bank-Statement-Reader-Dashboard\1_data\icici_statements
05-mar-24 igst-ci@18% 0.00 19.43,0,05-mar-24,19.43,   mar    igst ci               ,ICICI,D:\work\code_and_stuff\git_repos\bank_statement_parser\Bank-Statement-Reader-Dashboard\1_data\icici_statements
05-mar-24 interest amount amortization - <4/12> 0.00 107.93,0,05-mar-24,107.93,   mar    interest amount amortization                     ,ICICI,D:\work\code_and_stuff\git_repos\bank_statement_parser\Bank-Statement-Reader-Dashboard\1_data\icici_statements
05-mar-24 principal amount amortization - <4/12> 0.00 913.01,0,05-mar-24,913.01,   mar    principal amount amortization                     ,ICICI,D:\work\code_and_stuff\git_repos\bank_statement_parser\Bank-Statement-Reader-Dashboard\1_data\icici_statements
06-mar-24 74056634067406644561782 bundl technologies pvt lt bengaluru 0.00 307.00,0,06-mar-24,307.0,   mar                            bundl technologies pvt lt bengaluru            ,ICICI,D:\work\code_and_stuff\git_repos\bank_statement_parser\Bank-Statement-Reader-Dashboard\1_data\icici_statements
07-mar-24 74332744068406745274139 swiggy bengaluru in 0.00 198.00,0,07-mar-24,198.0,   mar                            swiggy bengaluru in            ,ICICI,D:\work\code_and_stuff\git_repos\bank_statement_parser\Bank-Statement-Reader-Dashboard\1_data\icici_statements
07-mar-24 74766514067409970173466 swiggy www.swiggy.in in 0.00 203.00,0,07-mar-24,203.0,   mar                            swiggy www swiggy in in            ,ICICI,D:\work\code_and_stuff\git_repos\bank_statement_parser\Bank-Statement-Reader-Dashboard\1_data\icici_statements
07-mar-24 74766514067409970199586 swiggy www.swiggy.in in 0.00 289.00,0,07-mar-24,289.0,   mar                            swiggy www swiggy in in            ,ICICI,D:\work\code_and_stuff\git_repos\bank_statement_parser\Bank-Statement-Reader-Dashboard\1_data\icici_statements
08-mar-24 74766514068409043255182 ind*amazon.in - grocer 0.00 439.00,0,08-mar-24,439.0,   mar                            ind amazon in   grocer            ,ICICI,D:\work\code_and_stuff\git_repos\bank_statement_parser\Bank-Statement-Reader-Dashboard\1_data\icici_statements
08-mar-24 74056634069406866502074 bundl technologies pvt lt bengaluru 0.00 216.00,0,08-mar-24,216.0,   mar                            bundl technologies pvt lt bengaluru            ,ICICI,D:\work\code_and_stuff\git_repos\bank_statement_parser\Bank-Statement-Reader-Dashboard\1_data\icici_statements
09-mar-24 74056634070406973112509 bundl technologies pvt lt bengaluru 0.00 231.00,0,09-mar-24,231.0,   mar                            bundl technologies pvt lt bengaluru            ,ICICI,D:\work\code_and_stuff\git_repos\bank_statement_parser\Bank-Statement-Reader-Dashboard\1_data\icici_statements
09-mar-24 74056634070406980100471 bundl technologies pvt lt bengaluru 0.00 203.00,0,09-mar-24,203.0,   mar                            bundl technologies pvt lt bengaluru            ,ICICI,D:\work\code_and_stuff\git_repos\bank_statement_parser\Bank-Statement-Reader-Dashboard\1_data\icici_statements
09-mar-24 74056634070406979826078 bundl technologies pvt lt bengaluru 0.00 307.00,0,09-mar-24,307.0,   mar                            bundl technologies pvt lt bengaluru            ,ICICI,D:\work\code_and_stuff\git_repos\bank_statement_parser\Bank-Statement-Reader-Dashboard\1_data\icici_statements
"10-mar-24 74766514070409146708885 ind*amazon http://www.am in 0.00 1,151.00",0,10-mar-24,1151.0,   mar                            ind amazon http   www am in              ,ICICI,D:\work\code_and_stuff\git_repos\bank_statement_parser\Bank-Statement-Reader-Dashboard\1_data\icici_statements
14-mar-24 74766514074410448507690 swiggy www.swiggy.in in 0.00 369.00,0,14-mar-24,369.0,   mar                            swiggy www swiggy in in            ,ICICI,D:\work\code_and_stuff\git_repos\bank_statement_parser\Bank-Statement-Reader-Dashboard\1_data\icici_statements
"15-mar-24 74332744076407551892568 www excitel com gurgaon in 0.00 2,537.00",0,15-mar-24,2537.0,   mar                            www excitel com gurgaon in              ,ICICI,D:\work\code_and_stuff\git_repos\bank_statement_parser\Bank-Statement-Reader-Dashboard\1_data\icici_statements
15-mar-24 74056634076407542312061 bundl technologies pvt lt bengaluru 0.00 308.00,0,15-mar-24,308.0,   mar                            bundl technologies pvt lt bengaluru            ,ICICI,D:\work\code_and_stuff\git_repos\bank_statement_parser\Bank-Statement-Reader-Dashboard\1_data\icici_statements
16-mar-24 74056634077407649809166 bundl technologies pvt lt bengaluru 0.00 224.00,0,16-mar-24,224.0,   mar                            bundl technologies pvt lt bengaluru            ,ICICI,D:\work\code_and_stuff\git_repos\bank_statement_parser\Bank-Statement-Reader-Dashboard\1_data\icici_statements
"16-mar-24 407675241867 upi payment received 0.00 -3,000.00",0,16-mar-24,-3000.0,   mar                 upi payment received               ,ICICI,D:\work\code_and_stuff\git_repos\bank_statement_parser\Bank-Statement-Reader-Dashboard\1_data\icici_statements
16-mar-24 600316032024s70938917 neft payment received 0.00 -500.00,0,16-mar-24,-500.0,   mar                s         neft payment received             ,ICICI,D:\work\code_and_stuff\git_repos\bank_statement_parser\Bank-Statement-Reader-Dashboard\1_data\icici_statements
"17-mar-24 74783844077000111212855 amazon bangalore in 0.00 -1,000.00",0,17-mar-24,-1000.0,   mar                            amazon bangalore in               ,ICICI,D:\work\code_and_stuff\git_repos\bank_statement_parser\Bank-Statement-Reader-Dashboard\1_data\icici_statements
"17-mar-24 74922124017000118906105 visa cc payment chennai in 0.00 -1,000.00",0,17-mar-24,-1000.0,   mar                            visa cc payment chennai in               ,ICICI,D:\work\code_and_stuff\git_repos\bank_statement_parser\Bank-Statement-Reader-Dashboard\1_data\icici_statements
"18-mar-24 600318032024s85347042 neft payment received 0.00 -8,000.00",0,18-mar-24,-8000.0,   mar                s         neft payment received               ,ICICI,D:\work\code_and_stuff\git_repos\bank_statement_parser\Bank-Statement-Reader-Dashboard\1_data\icici_statements
"19-mar-24 74056634080407984410294 country delight gurgaon in 0.00 1,500.00",0,19-mar-24,1500.0,   mar                            country delight gurgaon in              ,ICICI,D:\work\code_and_stuff\git_repos\bank_statement_parser\Bank-Statement-Reader-Dashboard\1_data\icici_statements
"19-mar-24 74332744080407998874751 venkatadri fuel point hyderabad in 0.00 1,047.17",0,19-mar-24,1047.17,   mar                            venkatadri fuel point hyderabad in              ,ICICI,D:\work\code_and_stuff\git_repos\bank_statement_parser\Bank-Statement-Reader-Dashboard\1_data\icici_statements
20-mar-24 reversal of fuel surcharge 0.00 -10.37,0,20-mar-24,-10.37,   mar    reversal of fuel surcharge            ,ICICI,D:\work\code_and_stuff\git_repos\bank_statement_parser\Bank-Statement-Reader-Dashboard\1_data\icici_statements
23-mar-24 74766514083411987460563 swiggy www.swiggy.in in 0.00 333.00,0,23-mar-24,333.0,   mar                            swiggy www swiggy in in            ,ICICI,D:\work\code_and_stuff\git_repos\bank_statement_parser\Bank-Statement-Reader-Dashboard\1_data\icici_statements
23-mar-24 74766514083411007572017 swiggy www.swiggy.in in 0.00 308.00,0,23-mar-24,308.0,   mar                            swiggy www swiggy in in            ,ICICI,D:\work\code_and_stuff\git_repos\bank_statement_parser\Bank-Statement-Reader-Dashboard\1_data\icici_statements
23-mar-24 74766514083411007439555 swiggy www.swiggy.in in 0.00 404.00,0,23-mar-24,404.0,   mar                            swiggy www swiggy in in            ,ICICI,D:\work\code_and_stuff\git_repos\bank_statement_parser\Bank-Statement-Reader-Dashboard\1_data\icici_statements
23-mar-24 74766514083411978778643 ind*amazon.in - grocer 0.00 313.00,0,23-mar-24,313.0,   mar                            ind amazon in   grocer            ,ICICI,D:\work\code_and_stuff\git_repos\bank_statement_parser\Bank-Statement-Reader-Dashboard\1_data\icici_statements
24-mar-24 74766514084411078840177 swiggy www.swiggy.in in 0.00 308.00,0,24-mar-24,308.0,   mar                            swiggy www swiggy in in            ,ICICI,D:\work\code_and_stuff\git_repos\bank_statement_parser\Bank-Statement-Reader-Dashboard\1_data\icici_statements
25-mar-24 interest amount amortization - <6/6> 0.00 223.54,0,25-mar-24,223.54,   mar    interest amount amortization                    ,ICICI,D:\work\code_and_stuff\git_repos\bank_statement_parser\Bank-Statement-Reader-Dashboard\1_data\icici_statements
25-mar-24 74056634086408550238964 bundl technologies pvt lt bengaluru 0.00 442.00,0,25-mar-24,442.0,   mar                            bundl technologies pvt lt bengaluru            ,ICICI,D:\work\code_and_stuff\git_repos\bank_statement_parser\Bank-Statement-Reader-Dashboard\1_data\icici_statements
25-mar-24 74056634086408550445643 bundl technologies pvt lt bengaluru 0.00 346.00,0,25-mar-24,346.0,   mar                            bundl technologies pvt lt bengaluru            ,ICICI,D:\work\code_and_stuff\git_repos\bank_statement_parser\Bank-Statement-Reader-Dashboard\1_data\icici_statements
"25-mar-24 principal amount amortization - <6/6> 0.00 16,776.31",0,25-mar-24,16776.31,   mar    principal amount amortization                       ,ICICI,D:\work\code_and_stuff\git_repos\bank_statement_parser\Bank-Statement-Reader-Dashboard\1_data\icici_statements
25-mar-24 igst-ci@18% 0.00 40.24,0,25-mar-24,40.24,   mar    igst ci               ,ICICI,D:\work\code_and_stuff\git_repos\bank_statement_parser\Bank-Statement-Reader-Dashboard\1_data\icici_statements
26-mar-24 74056634087408653679402 paytm noida in 0.00 156.50,0,26-mar-24,156.5,   mar                            paytm noida in            ,ICICI,D:\work\code_and_stuff\git_repos\bank_statement_parser\Bank-Statement-Reader-Dashboard\1_data\icici_statements
26-mar-24 74332744087408634134389 bisleri international mumbai in 0.00 173.00,0,26-mar-24,173.0,   mar                            bisleri international mumbai in            ,ICICI,D:\work\code_and_stuff\git_repos\bank_statement_parser\Bank-Statement-Reader-Dashboard\1_data\icici_statements
26-mar-24 74056634087408660348017 bundl technologies pvt lt bengaluru 0.00 308.00,0,26-mar-24,308.0,   mar                            bundl technologies pvt lt bengaluru            ,ICICI,D:\work\code_and_stuff\git_repos\bank_statement_parser\Bank-Statement-Reader-Dashboard\1_data\icici_statements
27-mar-24 74766514087412245621885 swiggy www.swiggy.in in 0.00 308.00,0,27-mar-24,308.0,   mar                            swiggy www swiggy in in            ,ICICI,D:\work\code_and_stuff\git_repos\bank_statement_parser\Bank-Statement-Reader-Dashboard\1_data\icici_statements
28-mar-24 74766514088412311088471 swiggy www.swiggy.in in 0.00 346.00,0,28-mar-24,346.0,   mar                            swiggy www swiggy in in            ,ICICI,D:\work\code_and_stuff\git_repos\bank_statement_parser\Bank-Statement-Reader-Dashboard\1_data\icici_statements
29-mar-24 74766514089412377901285 swiggy www.swiggy.in in 0.00 308.00,0,29-mar-24,308.0,   mar                            swiggy www swiggy in in            ,ICICI,D:\work\code_and_stuff\git_repos\bank_statement_parser\Bank-Statement-Reader-Dashboard\1_data\icici_statements
"29-mar-24 600329032024s81633345 neft payment received 0.00 -30,000.00",0,29-mar-24,-30000.0,   mar                s         neft payment received                ,ICICI,D:\work\code_and_stuff\git_repos\bank_statement_parser\Bank-Statement-Reader-Dashboard\1_data\icici_statements
"30-mar-24 74766514090412405349017 ind*amazon http://www.am in 0.00 -1,449.00",0,30-mar-24,-1449.0,   mar                            ind amazon http   www am in               ,ICICI,D:\work\code_and_stuff\git_repos\bank_statement_parser\Bank-Statement-Reader-Dashboard\1_data\icici_statements
"30-mar-24 74766514090412407503314 ind*amazon http://www.am in 0.00 1,449.00",0,30-mar-24,1449.0,   mar                            ind amazon http   www am in              ,ICICI,D:\work\code_and_stuff\git_repos\bank_statement_parser\Bank-Statement-Reader-Dashboard\1_data\icici_statements
30-mar-24 74766514090412444999632 swiggy www.swiggy.in in 0.00 203.00,0,30-mar-24,203.0,   mar                            swiggy www swiggy in in            ,ICICI,D:\work\code_and_stuff\git_repos\bank_statement_parser\Bank-Statement-Reader-Dashboard\1_data\icici_statements
30-mar-24 74766514090412443785156 swiggy www.swiggy.in in 0.00 204.00,0,30-mar-24,204.0,   mar                            swiggy www swiggy in in            ,ICICI,D:\work\code_and_stuff\git_repos\bank_statement_parser\Bank-Statement-Reader-Dashboard\1_data\icici_statements
31-mar-24 74766514091412517474959 swiggy www.swiggy.in in 0.00 347.00,0,31-mar-24,347.0,   mar                            swiggy www swiggy in in            ,ICICI,D:\work\code_and_stuff\git_repos\bank_statement_parser\Bank-Statement-Reader-Dashboard\1_data\icici_statements
31-mar-24 74766514091412517137705 ind*amazon http://www.am in 0.00 830.70,0,31-mar-24,830.7,   mar                            ind amazon http   www am in            ,ICICI,D:\work\code_and_stuff\git_repos\bank_statement_parser\Bank-Statement-Reader-Dashboard\1_data\icici_statements
